{"lr": 0.1, "nruns": 10, "nrounds": 10, "model": "M1", "global_betas": [[0.026710987261180905]], "all_global_betas": [[0.0680241917830966], [0.1748716542134339], [0.11858395088393395], [0.115540984202234], [0.11005949347840446], [0.1275006830074114], [0.14159591542490196], [0.086063549791937], [0.1712904773819467], [0.026710987261180905]], "coef_names": ["brain_age"], "local_betas": [[0.007612662194466733], [-0.007724000656135802], [0.026822325722849975]], "test_mae": [[[0.6253542061026779, 0.8042335040428275, 0.7491424383416615], [0.6275980449597544, 0.8012548956042451, 0.7550609715729584], [0.6276088923897802, 0.801250876419841, 0.7550915659694114], [0.6276089371814677, 0.8012508598236472, 0.7550916923011453], [0.6276089373664234, 0.8012508597551175, 0.7550916928227999], [0.6276089373671873, 0.8012508597548345, 0.7550916928249538], [0.6276089373671903, 0.8012508597548333, 0.7550916928249628], [0.6276089373671903, 0.8012508597548333, 0.7550916928249628], [0.6276089373671903, 0.8012508597548333, 0.7550916928249628], [0.6276089373671903, 0.8012508597548333, 0.7550916928249628]], [[0.629688003231843, 0.8424877597052406, 0.7553606885136204], [0.6238151733802736, 0.8091156925283528, 0.7467060812979229], [0.6238316205186055, 0.8090353911914423, 0.7467201811454237], [0.623831683659674, 0.8090350829121467, 0.7467202380900068], [0.6238316839020746, 0.8090350817286529, 0.7467202383086188], [0.6238316839030053, 0.8090350817241094, 0.746720238309458], [0.6238316839030088, 0.809035081724092, 0.7467202383094612], [0.6238316839030088, 0.809035081724092, 0.7467202383094612], [0.6238316839030088, 0.809035081724092, 0.7467202383094612], [0.6238316839030088, 0.809035081724092, 0.7467202383094612]], [[0.6235639315165308, 0.8108200595859878, 0.7464925290685777], [0.6255943575660297, 0.8037259495159955, 0.7497031299572293], [0.6256055228069849, 0.8037034490973674, 0.749729998233379], [0.625605573328389, 0.8037033477277902, 0.749730119809173], [0.6256055735569923, 0.8037033472691046, 0.7497301203592891], [0.6256055735580267, 0.8037033472670292, 0.7497301203617783], [0.6256055735580315, 0.8037033472670198, 0.7497301203617895], [0.6256055735580315, 0.8037033472670198, 0.7497301203617898], [0.6256055735580315, 0.8037033472670198, 0.7497301203617898], [0.6256055735580315, 0.8037033472670198, 0.7497301203617898]], [[1.0103735471680078, 1.8036416661336954, 1.749116546078577], [0.6254787886098228, 0.8039662907962233, 0.7494277543507412], [0.6257118015350623, 0.8034949065365818, 0.7499885086732114], [0.6257126060171487, 0.803493351709273, 0.7499904699846984], [0.6257126087946402, 0.8034933463411986, 0.7499904767561683], [0.6257126088042295, 0.8034933463226653, 0.7499904767795468], [0.6257126088042627, 0.8034933463226013, 0.7499904767796275], [0.6257126088042627, 0.803493346322601, 0.7499904767796278], [0.6257126088042627, 0.803493346322601, 0.7499904767796278], [0.6257126088042627, 0.803493346322601, 0.7499904767796278]], [[0.728356554920794, 0.9898774244089187, 1.0461618936182653], [0.6260067831106916, 0.8029447604380865, 0.750728904939472], [0.6259058016673157, 0.8031276578065237, 0.750472742647408], [0.6259054196970468, 0.8031283662406916, 0.7504717853055609], [0.6259054182522142, 0.8031283689203996, 0.75047178168434], [0.625905418246749, 0.8031283689305359, 0.7504717816706424], [0.6259054182467284, 0.8031283689305743, 0.7504717816705906], [0.6259054182467283, 0.8031283689305744, 0.7504717816705905], [0.6259054182467283, 0.8031283689305744, 0.7504717816705905], [0.6259054182467283, 0.8031283689305744, 0.7504717816705905]], [[0.7634822904071062, 1.067005279418856, 1.1399852236638404], [0.6254047599785993, 0.8041250016801964, 0.7492560564929767], [0.625292320148822, 0.8043663281257424, 0.7490069929429144], [0.6252919320927207, 0.8043671609996427, 0.749006160442032], [0.6252919307534484, 0.8043671638740851, 0.7490061575688772], [0.6252919307488264, 0.8043671638840053, 0.7490061575589614], [0.6252919307488103, 0.8043671638840396, 0.7490061575589271], [0.6252919307488103, 0.8043671638840398, 0.749006157558927], [0.6252919307488103, 0.8043671638840398, 0.7490061575589271], [0.6252919307488103, 0.8043671638840398, 0.7490061575589271]], [[0.7315777570628031, 1.1623335715468994, 1.036550680668571], [0.6247076109620977, 0.8058398130273264, 0.7479067392330788], [0.6248243705602979, 0.8055224386195893, 0.7481055054646076], [0.6248248315520799, 0.805521231616508, 0.7481062947667756], [0.6248248333721736, 0.8055212268510026, 0.7481062978831088], [0.6248248333793598, 0.8055212268321874, 0.7481062978954127], [0.6248248333793881, 0.805521226832113, 0.7481062978954612], [0.6248248333793882, 0.8055212268321127, 0.7481062978954615], [0.6248248333793882, 0.8055212268321127, 0.7481062978954615], [0.6248248333793882, 0.8055212268321127, 0.7481062978954615]], [[0.6316994564973286, 0.8017780959286367, 0.7657389358882961], [0.6268256624751548, 0.8018239428360815, 0.7529151087312982], [0.626810502454176, 0.8018384800330389, 0.7528752929217237], [0.6268104403654385, 0.801838539570965, 0.7528751309861], [0.6268104401111505, 0.8018385398148059, 0.7528751303228836], [0.6268104401101091, 0.8018385398158047, 0.7528751303201672], [0.6268104401101048, 0.8018385398158087, 0.7528751303201561], [0.6268104401101048, 0.8018385398158087, 0.752875130320156], [0.6268104401101048, 0.8018385398158087, 0.752875130320156], [0.6268104401101048, 0.8018385398158087, 0.752875130320156]], [[1.0374734235533154, 1.6766448974463994, 1.8238009830196935], [0.6241008932798952, 0.8077629986688503, 0.7470323747700303], [0.6239225691960674, 0.8085913443157459, 0.746812479964042], [0.6239219057089925, 0.808594583718131, 0.7468117823733277], [0.6239219032403687, 0.8085945957709146, 0.746811779777815], [0.6239219032311836, 0.8085945958157593, 0.7468117797681579], [0.6239219032311494, 0.8085945958159261, 0.746811779768122], [0.6239219032311493, 0.8085945958159267, 0.7468117797681219], [0.6239219032311493, 0.8085945958159267, 0.7468117797681219], [0.6239219032311493, 0.8085945958159267, 0.7468117797681219]], [[0.7637033308994837, 1.0674988589569863, 1.1405669226195436], [0.6301830470371451, 0.8012494079503837, 0.7615617311032976], [0.6300227155321497, 0.8012135065004788, 0.7611339379001244], [0.6300222235996186, 0.8012133963468873, 0.7611326412997789], [0.6300222220902608, 0.8012133960089117, 0.7611326373215221], [0.6300222220856297, 0.8012133960078748, 0.7611326373093159], [0.6300222220856155, 0.8012133960078716, 0.7611326373092785], [0.6300222220856154, 0.8012133960078716, 0.7611326373092783], [0.6300222220856154, 0.8012133960078716, 0.7611326373092783], [0.6300222220856154, 0.8012133960078716, 0.7611326373092783]]],