{"lr": 0.1, "nruns": 10, "nrounds": 10, "model": "M1.5", "global_betas": [[0.028680881716496687, 0.0013085617175400202]], "all_global_betas": [[0.09154920269593028, 0.010929978437230224], [0.10570242766572292, 0.12294741923445315], [0.06844700781028826, -0.015146395451698795], [0.08221772873774019, -0.03624971775534966], [0.10793343063521278, 0.05174504854356757], [0.1050215547616827, 0.029856984006728562], [0.13350752053119053, -0.012825053915822983], [0.07296626884994953, -0.0015158461002109172], [0.15732541820063717, 0.053319314777598506], [0.028680881716496687, 0.0013085617175400202]], "coef_names": ["brain_age", "Age"], "local_betas": [[0.0026519572072658394, 0.008130906826399279], [-0.03603397373717016, 0.030534027944218407], [0.06206289824640101, -0.037356373053077666]], "test_mae": [[[0.6382158456046724, 0.8085823305431242, 0.7626012218163009], [0.625875287296478, 0.8021721451995075, 0.751561474347417], [0.6258738999590361, 0.8021116961730802, 0.7516411507822801], [0.6258738866114776, 0.8021108651401776, 0.7516422626951171], [0.6258738864280484, 0.8021108536999351, 0.7516422780022547], [0.6258738864255232, 0.8021108535424474, 0.7516422782129747], [0.6258738864254885, 0.8021108535402793, 0.7516422782158755], [0.625873886425488, 0.8021108535402495, 0.7516422782159153], [0.6258738864254878, 0.8021108535402491, 0.751642278215916], [0.6258738864254879, 0.8021108535402491, 0.751642278215916]], [[0.8149519113147781, 1.178528023200732, 1.066987738842849], [0.6236950115982508, 0.8096503536465627, 0.750041236079777], [0.6236922569802098, 0.8097750510992219, 0.7499844895746629], [0.6236922407498439, 0.8097767456586731, 0.7499837722842001], [0.6236922405408734, 0.8097767675459498, 0.7499837630220301], [0.6236922405381747, 0.809776767828598, 0.7499837629024203], [0.6236922405381399, 0.809776767832248, 0.7499837629008757], [0.6236922405381394, 0.8097767678322952, 0.7499837629008558], [0.6236922405381394, 0.8097767678322958, 0.7499837629008554], [0.6236922405381394, 0.8097767678322958, 0.7499837629008554]], [[0.7319457285037311, 0.8876645091377208, 0.8605061317148659], [0.6288248495067343, 0.8018903647148774, 0.7560903636376102], [0.6287995950902653, 0.8017704079580626, 0.7563536415887238], [0.6287992829977281, 0.8017688033123206, 0.7563573918781025], [0.6287992786415497, 0.80176878090632, 0.7563574442480947], [0.6287992785807219, 0.801768780593452, 0.7563574449793674], [0.6287992785798725, 0.8017687805890833, 0.7563574449895785], [0.6287992785798607, 0.8017687805890223, 0.7563574449897211], [0.6287992785798604, 0.8017687805890215, 0.7563574449897231], [0.6287992785798605, 0.8017687805890213, 0.7563574449897231]], [[1.5506934179980447, 1.4841983597677708, 1.5193225730455817], [0.6301811294238, 0.8040448506303453, 0.7543220530498114], [0.6298928037884598, 0.8027465257383245, 0.7564831546518914], [0.6298904374175229, 0.8027321321931428, 0.7565133690131454], [0.6298904064434411, 0.802731943787093, 0.7565137645097609], [0.6298904060380015, 0.8027319413209251, 0.7565137696866706], [0.6298904060326945, 0.8027319412886437, 0.7565137697544344], [0.629890406032625, 0.8027319412882211, 0.7565137697553215], [0.6298904060326241, 0.8027319412882156, 0.7565137697553331], [0.6298904060326241, 0.8027319412882156, 0.7565137697553332]], [[0.7769706661693351, 1.0705600212669062, 1.126397741760438], [0.6233267960431949, 0.8039931289283153, 0.7491657926542049], [0.6232977524890146, 0.8044557774336526, 0.7488345982703151], [0.6232975752325263, 0.8044613076024872, 0.7488307876808715], [0.6232975731221139, 0.8044613734507781, 0.7488307423074088], [0.6232975730969845, 0.8044613742348584, 0.7488307417671298], [0.6232975730966852, 0.8044613742441947, 0.7488307417606966], [0.6232975730966818, 0.804461374244306, 0.74883074176062], [0.6232975730966818, 0.8044613742443073, 0.7488307417606191], [0.6232975730966817, 0.8044613742443073, 0.7488307417606191]], [[1.34639733703955, 1.8925567237809269, 1.9512570638576872], [0.6242561349607043, 0.8034051387016714, 0.7495115051900009], [0.6242579603004297, 0.8033226902947694, 0.7495851283203353], [0.6242580375550738, 0.8033216040587764, 0.7495861106890738], [0.6242580385236385, 0.803321590468401, 0.7495861229802556], [0.6242580385357548, 0.8033215902983949, 0.7495861231340099], [0.6242580385359062, 0.8033215902962683, 0.7495861231359331], [0.6242580385359081, 0.8033215902962417, 0.7495861231359572], [0.6242580385359082, 0.8033215902962413, 0.7495861231359575], [0.6242580385359082, 0.8033215902962413, 0.7495861231359575]], [[1.480235320727365, 2.248992320702972, 2.1611231685892807], [0.6259256075374825, 0.8047301490471389, 0.7490383762408419], [0.6259278820117136, 0.8046185882989079, 0.7491172352119054], [0.6259278183157526, 0.8046171618048764, 0.7491182412055073], [0.6259278174673928, 0.804617142904057, 0.7491182545326216], [0.6259278174561506, 0.8046171426535929, 0.7491182547092256], [0.6259278174560016, 0.8046171426502738, 0.7491182547115659], [0.6259278174559996, 0.8046171426502298, 0.749118254711597], [0.6259278174559995, 0.8046171426502292, 0.7491182547115973], [0.6259278174559996, 0.8046171426502292, 0.7491182547115973]], [[0.6327450066679439, 0.8194495922587257, 0.7648564965863941], [0.6275184830653556, 0.8013112628576494, 0.7547806290754376], [0.6275056234520058, 0.8013911060937862, 0.7545805512362792], [0.627505473733633, 0.8013921752781908, 0.7545779617103494], [0.6275054718031976, 0.8013921890561281, 0.7545779283389131], [0.627505471778321, 0.8013921892336773, 0.7545779279088723], [0.6275054717780004, 0.8013921892359651, 0.7545779279033307], [0.6275054717779963, 0.8013921892359948, 0.7545779279032592], [0.6275054717779963, 0.8013921892359951, 0.7545779279032583], [0.6275054717779963, 0.8013921892359951, 0.7545779279032583]], [[1.6565718663918256, 2.560831531866325, 2.678131075585964], [0.6229731227993832, 0.809525386416756, 0.7474796467651694], [0.6229977587479203, 0.8104779856549377, 0.7472904302249148], [0.622998201965066, 0.8104910937413036, 0.7472879486964158], [0.6229982080358231, 0.8104912732805445, 0.7472879147048616], [0.6229982081189778, 0.8104912757397997, 0.747287914239259], [0.6229982081201169, 0.8104912757734856, 0.7472879142328814], [0.6229982081201325, 0.810491275773947, 0.7472879142327941], [0.6229982081201326, 0.8104912757739533, 0.7472879142327928], [0.6229982081201326, 0.8104912757739534, 0.7472879142327928]], [[0.7181477419005274, 0.9680255276779712, 1.0400762249914361], [0.629986982088464, 0.8010019078602167, 0.7617460601055135], [0.6297916911699348, 0.8011196500317876, 0.7606760970992947], [0.6297891068697243, 0.8011213032090032, 0.7606623005636081], [0.6297890725943714, 0.8011213251351113, 0.7606621175808138], [0.6297890721397784, 0.8011213254259165, 0.7606621151539182], [0.6297890721337492, 0.8011213254297735, 0.7606621151217305], [0.6297890721336693, 0.8011213254298247, 0.7606621151213036], [0.6297890721336683, 0.8011213254298254, 0.7606621151212978], [0.6297890721336683, 0.8011213254298254, 0.7606621151212978]]],