{"lr": 0.1, "nruns": 10, "nrounds": 10, "model": "M6", "global_betas": [[0.07295670712884597, -0.011570783503329574, 0.5858493744105574, 0.011258559001689011, 0.019019932078964692]], "all_global_betas": [[0.1323714453934928, -0.028618664791119252, 0.7660930228474478, 0.031454645795729895, 0.04535603578818217], [0.15685949504865374, -0.04995952547868316, 0.7060294955828523, 0.15741118104929203, 0.17377023488164947], [0.12527144607520882, 0.08480059843077051, 0.8340887041738805, 0.12301936072932626, 0.0044747495985177285], [0.0904227461868705, 0.039835563670082376, 0.7464669491962554, 0.2205874227985104, 0.018328800842999496], [0.15219721479981096, 0.004736171132210969, 0.6752136928776729, -0.003224155342090412, 0.08100224831586643], [0.08447323525527475, -0.0450787027654988, 0.6689873899566888, -0.025741046207636124, 0.033667376471046735], [0.20187458023045346, 0.00913615920369061, 0.7898388730043581, 0.08177254107725172, 0.0211881482787244], [0.09985867342628492, -0.04021310169336528, 0.7051191101678775, 0.03457419785295158, 0.020258618494455566], [0.15532393283350715, 0.02192568136108272, 0.7017434055001869, -0.05534097468365767, 0.02733892551351959], [0.07295670712884597, -0.011570783503329574, 0.5858493744105574, 0.011258559001689011, 0.019019932078964692]], "coef_names": ["brain_age", "sex", "dm", "Lag_time", "Age"], "local_betas": [[0.005840466298109118, -0.0021637292243369285, 0.042854921770700896, -0.004454448868555352, 0.005520214319769447], [-0.044271359625920964, -0.05991670782680183, 0.20917789864947428, 0.029466425756112524, 0.05703543175173855], [0.11138760045665783, 0.05050965354780918, 0.33381655399038224, -0.01375341788586816, -0.04353571399254331]], "test_mae": [[[0.716117653348337, 0.9257615393730318, 0.8321550971464449], [0.6001516141986863, 0.7978649508803509, 0.6996122980677045], [0.6000411590877067, 0.7982049499369036, 0.7000758455335097], [0.6000385319516001, 0.7982167963385196, 0.7000879254300879], [0.6000384407230148, 0.7982171960084744, 0.7000882746405332], [0.6000384373425509, 0.7982172104093779, 0.7000882862765004], [0.6000384372081193, 0.7982172109703206, 0.7000882867134114], [0.6000384372024876, 0.7982172109935205, 0.7000882867311958], [0.6000384372022441, 0.7982172109945164, 0.7000882867319541], [0.6000384372022333, 0.7982172109945601, 0.7000882867319873]], [[0.8725158456207215, 2.2235123189733255, 1.2154748412270646], [0.6181192364631861, 0.8038760039130498, 0.7115798382445703], [0.6190000979552971, 0.8016479720515389, 0.7121164406971023], [0.619008664212149, 0.8016367195230512, 0.7121243635604291], [0.6190084926744343, 0.8016370756237231, 0.7121243031016297], [0.6190084736844943, 0.8016371066270342, 0.7121242922159902], [0.619008472550396, 0.8016371083707412, 0.7121242915325355], [0.6190084724905238, 0.8016371084605741, 0.7121242914959437], [0.6190084724874856, 0.8016371084650856, 0.7121242914940776], [0.6190084724873336, 0.80163710846531, 0.712124291493984]], [[1.875425159105455, 3.8661370311393193, 1.9579803956899073], [0.6170107035553718, 0.8052841496489757, 0.7061985525179062], [0.617211687918344, 0.8061643765240843, 0.7053115742397961], [0.6172177925379833, 0.8062277856581367, 0.7053720863807336], [0.6172179572782195, 0.8062309057384235, 0.7053765931671567], [0.6172179626525781, 0.8062310570960266, 0.7053768450004404], [0.6172179628622786, 0.8062310644690587, 0.7053768579883928], [0.6172179628715028, 0.8062310648298545, 0.7053768586391305], [0.6172179628719348, 0.8062310648475568, 0.7053768586713713], [0.6172179628719555, 0.8062310648484264, 0.7053768586729617]], [[2.1359274134169914, 2.0091261542859518, 2.475361806734178], [0.628556795982077, 0.8185599846124503, 0.7022223000242396], [0.6278064375894092, 0.8121556542547602, 0.7038805936963898], [0.6277848422593666, 0.8120347652236788, 0.7039331195648432], [0.627784136925644, 0.8120322708995373, 0.7039345259623311], [0.6277841105415521, 0.8120322176807689, 0.7039345724633647], [0.6277841094348147, 0.8120322164593262, 0.7039345742920755], [0.6277841093850048, 0.8120322164273669, 0.7039345743720146], [0.6277841093826814, 0.8120322164263658, 0.7039345743756982], [0.6277841093825713, 0.8120322164263285, 0.703934574375872]], [[1.403332967920464, 2.3772628664672655, 2.020131174150784], [0.6002335225459063, 0.8105743525138166, 0.7005873680548733], [0.6007316825661446, 0.8124299322601599, 0.70081166571985], [0.6007621744427306, 0.8124280989583615, 0.7008109405512729], [0.6007637097915984, 0.8124265139290062, 0.7008105590887097], [0.6007637833097728, 0.8124264146231891, 0.7008105344524997], [0.6007637867721023, 0.8124264095479857, 0.700810533170691], [0.6007637869341952, 0.8124264093033152, 0.700810533108342], [0.6007637869417668, 0.8124264092917574, 0.7008105331053843], [0.6007637869421204, 0.8124264092912156, 0.7008105331052455]], [[1.0425365059449847, 1.2938933143717082, 1.2641123663657776], [0.6051713793596704, 0.7922770302733876, 0.7066661438309453], [0.6033799718630716, 0.7964097298507126, 0.7055197713408965], [0.6033325456270021, 0.796503344896922, 0.7055133563819846], [0.6033307803981783, 0.7965062899879202, 0.7055134687975863], [0.6033307039625826, 0.7965064096417332, 0.7055134794724492], [0.6033307004874124, 0.7965064149868364, 0.7055134800428522], [0.6033307003272214, 0.7965064152322187, 0.7055134800703866], [0.6033307003198095, 0.7965064152435636, 0.7055134800716794], [0.6033307003194662, 0.7965064152440889, 0.7055134800717396]], [[1.537385990365896, 2.3524035417432234, 1.8680097490373964], [0.6060987976825434, 0.8066067527171085, 0.6969849384803473], [0.6046607411289358, 0.8066357214634687, 0.6972645007677379], [0.6046047904372084, 0.8067765272906343, 0.6974024831740386], [0.6046018790650888, 0.8067845645454473, 0.6974094635942032], [0.6046017401560155, 0.8067849537560297, 0.6974097849622215], [0.6046017337313114, 0.8067849717802799, 0.6974097996214922], [0.6046017334378141, 0.8067849726029674, 0.6974098002873896], [0.6046017334244752, 0.806784972640327, 0.697409800317581], [0.6046017334238704, 0.8067849726420204, 0.6974098003189486]], [[0.8935319031888398, 1.1664990151508337, 1.1026340305560303], [0.6023991731515821, 0.7919261912863359, 0.7025723345734196], [0.6022215171355504, 0.7911148368210339, 0.7023206896165121], [0.6022017138017205, 0.7911242624973213, 0.7023291330769248], [0.6022006083605799, 0.7911253388780993, 0.7023298716721671], [0.6022005538178851, 0.7911253996697641, 0.7023299133583315], [0.6022005512213803, 0.7911254026901711, 0.7023299154675625], [0.6022005510992429, 0.7911254028344828, 0.7023299155695867], [0.6022005510935221, 0.7911254028412831, 0.702329915574426], [0.6022005510932547, 0.7911254028416019, 0.7023299155746537]], [[2.5573491387468437, 3.6147086318248527, 3.267484197572252], [0.5998405392474331, 0.8105859668528527, 0.7021912489826057], [0.5980026235463228, 0.818801217650814, 0.702960777474486], [0.5979264847433089, 0.819060850591692, 0.703039995541991], [0.5979229663875204, 0.819070939506913, 0.703043639411771], [0.5979228012174737, 0.8190713844313742, 0.7030438064781612], [0.5979227934273381, 0.8190714049752602, 0.7030438142731388], [0.5979227930594169, 0.819071405938495, 0.7030438146395179], [0.5979227930420331, 0.8190714059838888, 0.703043814656792], [0.5979227930412117, 0.8190714059860318, 0.7030438146576075]], [[1.0941004009223296, 1.1069443434599084, 1.3056893170734707], [0.6071087896727035, 0.7894476720911987, 0.7120476159060805], [0.6047896325616866, 0.7909586065096745, 0.7080561426699385], [0.6047029976681463, 0.7910256407716277, 0.70796525406158], [0.6046990528456334, 0.7910285863403653, 0.7079622037491983], [0.6046988677858138, 0.7910287242188928, 0.7079620778737867], [0.6046988590391429, 0.7910287307766096, 0.707962072256582], [0.6046988586250744, 0.7910287310884936, 0.7079620719970663], [0.6046988586054677, 0.7910287311032985, 0.7079620719849019], [0.6046988586045393, 0.7910287311040004, 0.7079620719843284]]],