{"lr": 0.1, "nruns": 10, "nrounds": 10, "model": "M6.5", "global_betas": [[0.08020538090019651, -0.025815882590644032, 0.5899266037747205, 0.015867733916789438]], "all_global_betas": [[0.1351634397167811, -0.05561815226849868, 0.7512768159052653, 0.01854742495232481], [0.24634545771634536, -0.052739895779797874, 0.7108703216248369, 0.12755332959711177], [0.16052783255887282, 0.05942847499847404, 0.8393881200736192, 0.11631716604051107], [0.15912877639492995, 0.026004439007220888, 0.7406426501336334, 0.20283099656221965], [0.1726366555910791, 0.005042681423595319, 0.6732937187190617, -0.02473837182580929], [0.12738693947352547, -0.05442595209425098, 0.6649498533413243, -0.032634057497898286], [0.21975368577043392, -0.005492144097274082, 0.7827168308518888, 0.0711502845781703], [0.12701930215973903, -0.04465846431170295, 0.7009970512215207, 0.02076093685100935], [0.18148765807447176, -0.0033254139864370563, 0.6945057847558846, -0.048681432483978285], [0.08020538090019651, -0.025815882590644032, 0.5899266037747205, 0.015867733916789438]], "coef_names": ["brain_age", "sex", "dm", "Lag_time"], "local_betas": [[0.008412919403678516, -0.0019857517647765303, 0.04310423784289091, -0.003015417957498641], [0.007252452194884182, -0.07243023785858076, 0.2135401491679537, 0.027499942992005828], [0.06454000930163381, 0.04860010703271325, 0.3332822167638759, -0.008616791117717747]], "test_mae": [[[0.6071018380081227, 0.7877946709563193, 0.7026683926501324], [0.6013806445292089, 0.7947844557386589, 0.7002093095957368], [0.6012789778356813, 0.7951494199915419, 0.7003289696777582], [0.6012759122096828, 0.7951597766627642, 0.7003335995358863], [0.6012757966475117, 0.7951601434903555, 0.700333793086778], [0.6012757918218917, 0.7951601583507242, 0.7003338015347306], [0.6012757916113175, 0.7951601589911745, 0.7003338019097578], [0.6012757916019702, 0.7951601590194698, 0.700333801926512], [0.6012757916015526, 0.7951601590207317, 0.7003338019272622], [0.6012757916015339, 0.7951601590207882, 0.7003338019272959]], [[0.7792385399792865, 1.7545384254051437, 1.0597445351028887], [0.6047298983501381, 0.8044406859449699, 0.6977563605168199], [0.6054271376412103, 0.8023645847605322, 0.6985501983225252], [0.6054329329971225, 0.8023454840662307, 0.6985573251172127], [0.6054327810031545, 0.8023456764631457, 0.6985571479670276], [0.6054327667828268, 0.8023457036171331, 0.6985571311427162], [0.6054327659775075, 0.8023457052301761, 0.6985571301880186], [0.6054327659361625, 0.8023457053140038, 0.6985571301389792], [0.605432765934097, 0.8023457053182066, 0.698557130136529], [0.6054327659339946, 0.802345705318415, 0.6985571301364076]], [[2.0385889393616603, 2.9623350942339184, 1.3649022596346216], [0.6122932854872515, 0.8069568463238581, 0.6999547266434087], [0.6122209291163969, 0.8063009188068578, 0.7008507188213643], [0.6122069261755775, 0.8063326236384523, 0.7009357216642065], [0.6122060939617142, 0.8063350432746336, 0.700940352921928], [0.6122060509485924, 0.8063351758856204, 0.7009405868723496], [0.6122060488081675, 0.8063351826020644, 0.7009405984321182], [0.6122060487029076, 0.8063351829342337, 0.700940598999293], [0.612206048697751, 0.8063351829505364, 0.700940599027057], [0.6122060486974987, 0.8063351829513344, 0.7009405990284151]], [[2.1548290129647807, 2.2193071135521816, 2.6969312380903565], [0.6213464177578865, 0.8109109374445812, 0.6982360002713051], [0.620430607897431, 0.8089720679921665, 0.6980647481328098], [0.6204080213166396, 0.8089519211452978, 0.6980665720745617], [0.6204072026549835, 0.8089515446610889, 0.6980667964539526], [0.6204071673960133, 0.8089515346210148, 0.698066809930343], [0.6204071657674592, 0.8089515342600528, 0.6980668106207032], [0.6204071656903636, 0.8089515342446009, 0.6980668106544818], [0.6204071656866839, 0.8089515342438889, 0.6980668106561112], [0.6204071656865078, 0.8089515342438552, 0.6980668106561896]], [[0.810618037223263, 1.3147992264695236, 1.0424594493113508], [0.5989086875710612, 0.8087081311574629, 0.7003140247643306], [0.5991918199628392, 0.8103642117928553, 0.7001989429906967], [0.5992169391453359, 0.8103465251296895, 0.7001929690327484], [0.5992182308357602, 0.8103443432937405, 0.7001925225463522], [0.5992182926965965, 0.8103442209931018, 0.7001924977959043], [0.5992182956014199, 0.810344214977781, 0.7001924965804825], [0.5992182957369632, 0.8103442146928312, 0.7001924965229293], [0.5992182957432746, 0.8103442146794959, 0.7001924965202362], [0.5992182957435682, 0.8103442146788744, 0.7001924965201107]], [[1.0143444024782542, 1.6619214397304074, 1.1951979080946802], [0.6047055426669002, 0.7955698648214308, 0.7030058677390841], [0.6033243762311299, 0.8000042911038848, 0.702773224339863], [0.603284943275704, 0.8001147694595109, 0.7027777144597126], [0.6032834103481872, 0.800118318277446, 0.7027777491159733], [0.6032833437137752, 0.8001184585578953, 0.7027777474490272], [0.6032833406988113, 0.8001184646703878, 0.7027777473183094], [0.603283340560457, 0.800118464947096, 0.7027777473114106], [0.6032833405540768, 0.8001184649597958, 0.7027777473110781], [0.6032833405537822, 0.8001184649603814, 0.7027777473110625]], [[1.3063627640440019, 1.926715630070729, 1.532290888609107], [0.6041495246905769, 0.8072267152464867, 0.696404523019949], [0.6021283776591263, 0.8070091137877815, 0.6965277390048897], [0.6020661743020391, 0.8071526886355969, 0.6966476586710901], [0.6020630264646857, 0.8071610875215011, 0.6966536587463233], [0.6020628791460965, 0.8071614961118124, 0.6966539293996263], [0.6020628724272402, 0.8071615149846694, 0.6966539415852115], [0.602062872123549, 0.8071615158414985, 0.6966539421334742], [0.602062872109866, 0.8071615158801644, 0.696653942158136], [0.6020628721092501, 0.8071615158819057, 0.6966539421592453]], [[0.7542972773204186, 1.2668594186613575, 0.9541573902066344], [0.6023681761790785, 0.7948785690210308, 0.7011481385267319], [0.6021094443787092, 0.7938104771951308, 0.7008780373037816], [0.6020890502880231, 0.7938172347133757, 0.7008847374293218], [0.602087922357356, 0.793818432874027, 0.7008852264710898], [0.6020878667463745, 0.7938185034415691, 0.7008852517048176], [0.6020878641030268, 0.7938185069745515, 0.7008852529204728], [0.6020878639789284, 0.7938185071432947, 0.700885252977801], [0.6020878639731273, 0.7938185071512298, 0.7008852529804851], [0.6020878639728565, 0.793818507151601, 0.7008852529806104]], [[1.4596614087939404, 2.256794138707131, 1.8023346656378825], [0.6007887246210276, 0.8087243412820766, 0.7006247338842875], [0.5989484399934679, 0.8163572425946919, 0.7006106519770162], [0.5988834717473934, 0.8165839802706906, 0.7006567513313474], [0.5988805731754226, 0.8165928870350291, 0.7006587345440084], [0.5988804379117725, 0.8165932804946447, 0.7006588238958201], [0.5988804315699748, 0.8165932985952085, 0.7006588280299348], [0.5988804312722249, 0.8165932994395749, 0.7006588282231453], [0.5988804312582392, 0.8165932994791502, 0.7006588282322067], [0.5988804312575822, 0.8165932994810079, 0.7006588282326321]], [[0.9821588787585172, 1.5235765932251746, 1.4493185374638868], [0.6078835061196352, 0.7894103905441671, 0.7101985265884125], [0.605717219196173, 0.7903981139961551, 0.7076395817329308], [0.6056336026625564, 0.7904561709842275, 0.7075848126144244], [0.6056297258996206, 0.7904589447929935, 0.707582248526233], [0.6056295443186482, 0.7904590734565295, 0.7075821275681033], [0.6056295357941935, 0.7904590794767437, 0.7075821218745663], [0.6056295353937261, 0.7904590797592478, 0.707582121606848], [0.6056295353749083, 0.7904590797725175, 0.7075821215942643], [0.605629535374024, 0.790459079773141, 0.7075821215936727]]],