{"lr": 0.1, "nruns": 10, "nrounds": 10, "model": "M7", "global_betas": [[0.06704266690766736, 0.05455948161438533, 0.5077473970799732, 0.2555072957092543, 0.012814698008711208, 0.007580843808858234, 0.03219148645183314, -0.2072254126278727]], "all_global_betas": [[0.087322594581612, 0.005600604520109215, 0.6927838942959255, 0.150343615755221, 0.018793549403363394, 0.07223237417448194, -0.05222960515280139, -0.24206674193872585], [0.12462756180413245, 0.03548903166682991, 0.6268929502326794, 0.219474708920839, 0.1273685380424998, 0.17945147492582858, -0.18220747416091757, -0.21283183094726], [0.10502953990794159, 0.14066973952972042, 0.771920703469491, 0.18377080643158972, 0.1173147935985721, 0.02367412347799594, -0.04225466943953306, -0.1750035086307917], [0.04510580458417175, 0.10865402191413784, 0.6685900508238247, 0.21605745287172642, 0.1996041409520199, 0.030793824457276846, -0.04729603806774347, -0.17678035148785187], [0.1307992527301979, 0.08050888052303504, 0.6178499948204194, 0.11544449908018892, 0.00040260809990029967, 0.08984369873894527, -0.08660359585190901, -0.22067447294476733], [0.05905973799396638, 0.005092122297685152, 0.6215490228243665, 0.11879134738317437, -0.03807349953760057, 0.03918769653869884, -0.0574104746102355, -0.23423753394581157], [0.1653981137706825, 0.09199769781296849, 0.6976185817994056, 0.14461751036119963, 0.09510277404130313, 0.02362942608246231, -0.09193805735730588, -0.22400468579286847], [0.09060209077473319, 0.056576413879353284, 0.6570878870995231, 0.10135846447644192, 0.032232086452042064, 0.06342451138664239, -0.09639660104385216, -0.2793359970225283], [0.1357104344639881, 0.088768298955647, 0.6527219249618779, 0.11667212417739761, -0.05424648720522708, 0.05690197946096725, -0.06212440150153395, -0.23648744625951082], [0.06704266690766736, 0.05455948161438533, 0.5077473970799732, 0.2555072957092543, 0.012814698008711208, 0.007580843808858234, 0.03219148645183314, -0.2072254126278727]], "coef_names": ["brain_age", "sex", "dm", "bmi", "Lag_time", "Age", "ec_1", "ec_3"], "local_betas": [[0.002185027807201344, -0.0030787011673547235, 0.03935018014891245, 0.01111653967859226, -0.0019915595681719985, 0.006388748705222497, -0.0012340989020648762, 0.0020408465182661377], [-0.02833213399131619, -0.035868364400879114, 0.16768218712600294, 0.11086745751246335, 0.03446200297873482, 0.03328750863870471, 0.006284327451187094, -0.08834418210565227], [0.09318977309178221, 0.09350654718261917, 0.3007150298050578, 0.1335232985181987, -0.019655745401851613, -0.03209541353506897, 0.02714125790271092, -0.12092207704048658]], "test_mae": [[[0.8849424380557281, 1.4542680936009145, 1.1534089328867456], [0.5955763296171684, 0.7934305447966573, 0.6797679911002121], [0.5972704531277805, 0.7806274820459973, 0.677538356317864], [0.5973417077117492, 0.7801053470175213, 0.677493972815974], [0.5973450072832845, 0.7800800889052193, 0.6774919516549728], [0.5973451654437564, 0.7800788366164692, 0.6774918508989475], [0.5973451731180409, 0.7800787744346288, 0.6774918457272704], [0.597345173492773, 0.7800787713375898, 0.6774918454609584], [0.5973451735111573, 0.7800787711828305, 0.6774918454472293], [0.5973451735120631, 0.7800787711750725, 0.6774918454465212]], [[1.8561036089621998, 1.7239643273193566, 1.5946728410006783], [0.6054042434760349, 0.7828956517198533, 0.6953111951244334], [0.6045074234847971, 0.7826849204346028, 0.6943352448816218], [0.604481606226272, 0.7827125694697036, 0.6942863431237964], [0.6044805849761693, 0.7827143283922028, 0.6942839311434958], [0.6044805381466047, 0.782714416863404, 0.694283814678425], [0.6044805358995923, 0.7827144210808054, 0.6942838090884537], [0.6044805357904238, 0.7827144212782887, 0.6942838088208425], [0.6044805357851009, 0.7827144212874454, 0.6942838088080566], [0.604480535784841, 0.7827144212878662, 0.694283808807447]], [[2.725281629361685, 2.6504522122443954, 2.5725129489714864], [0.591357145164017, 0.7889400258669936, 0.6768563897081613], [0.5895978802875917, 0.7913547644822978, 0.6787330874086251], [0.5895004535602927, 0.7914942387455461, 0.67888741343985], [0.5894955154399799, 0.7915006723127381, 0.6788952241591013], [0.589495269747091, 0.791500978838569, 0.6788956044331368], [0.5894952575985919, 0.791500993619021, 0.6788956228722924], [0.5894952569981247, 0.7915009943343191, 0.6788956237652981], [0.5894952569684113, 0.7915009943689778, 0.6788956238085302], [0.5894952569669387, 0.7915009943706579, 0.6788956238106229]], [[2.912260176467427, 2.4956353025152276, 3.1529891257896723], [0.5946855556308357, 0.7996824073038726, 0.6815588469394172], [0.5941812919767108, 0.7936219096271003, 0.6823906098145051], [0.5941462875480674, 0.7934456063533558, 0.6824426290916495], [0.5941443287005296, 0.7934385256031867, 0.6824445480462377], [0.5941442302307178, 0.7934382028759198, 0.6824446282403679], [0.5941442254421795, 0.7934381873107774, 0.6824446318979528], [0.5941442252121848, 0.7934381865427963, 0.6824446320714861], [0.5941442252012005, 0.7934381865045464, 0.6824446320798518], [0.5941442252006776, 0.7934381865026328, 0.6824446320802575]], [[1.7264789645332181, 1.939495316437628, 1.4324407757726076], [0.5979968462201241, 0.8067869413121251, 0.6796083773219079], [0.5998171201775888, 0.7949500483496681, 0.6780188513997075], [0.5999080637303992, 0.7944133642515244, 0.6780437220641545], [0.5999123971664743, 0.7943878587023432, 0.6780451556322684], [0.5999126037972042, 0.7943866387848689, 0.6780452271904304], [0.5999126136446223, 0.7943865805296585, 0.6780452305843648], [0.5999126141137543, 0.794386577748355, 0.6780452307447055], [0.599912614136101, 0.7943865776155432, 0.678045230752266], [0.5999126141371656, 0.7943865776091995, 0.6780452307526218]], [[1.0932628925717185, 2.1142100938923454, 1.4764644241616973], [0.609153543657724, 0.7731380621253391, 0.6815117189002818], [0.6065868054756571, 0.7820256330721719, 0.6805140057974944], [0.6064763205249702, 0.7825996479668106, 0.6805770841633756], [0.6064711320395105, 0.7826270086374801, 0.6805809847827452], [0.6064708869688593, 0.7826283359769639, 0.6805811857712961], [0.6064708753707323, 0.7826284007996206, 0.6805811960065928], [0.606470874821486, 0.7826284039748244, 0.6805811965268035], [0.606470874795471, 0.7826284041306902, 0.6805811965532564], [0.6064708747942389, 0.7826284041383565, 0.6805811965546029]], [[2.814462711415957, 2.9078723419429218, 2.1287138268544625], [0.5974185901798614, 0.7856819814115077, 0.6765760418912368], [0.5941994346116324, 0.7843159370104169, 0.6740399904639334], [0.5941116403817926, 0.784316352062549, 0.6740326588307576], [0.5941077697384487, 0.784315741644028, 0.6740327132548171], [0.5941075946850896, 0.784315665285882, 0.6740327299149924], [0.5941075867380003, 0.7843156591092542, 0.6740327309361368], [0.5941075863785218, 0.7843156586831166, 0.6740327309971686], [0.5941075863623704, 0.7843156586560047, 0.6740327310007248], [0.5941075863616512, 0.7843156586543616, 0.6740327310009278]], [[1.3720530600854897, 1.5090820236839133, 2.0272240020057293], [0.6006425827387822, 0.7864003181159596, 0.6785092639584032], [0.6016375597662061, 0.7785901659183782, 0.6774234154753787], [0.6016864915385234, 0.7782706339096715, 0.6774056099210836], [0.6016889571752199, 0.7782539102900906, 0.6774046168160452], [0.6016890838543398, 0.7782530340282341, 0.677404562467755], [0.6016890904112803, 0.7782529880780292, 0.677404559516674], [0.6016890907518259, 0.7782529856668539, 0.6774045593571213], [0.6016890907695475, 0.7782529855402562, 0.6774045593485205], [0.6016890907704711, 0.7782529855336059, 0.677404559348058]], [[2.7020416097855278, 3.187702280559407, 2.4938181530249506], [0.6022577771410038, 0.8236454681125557, 0.6841174296406786], [0.6020364644798895, 0.8074583973683396, 0.6780147766131703], [0.6020493142121913, 0.8066419631323749, 0.6778337224195442], [0.6020498198383806, 0.8065981039849964, 0.677824957110373], [0.6020498447227658, 0.8065957746509261, 0.6778245025463819], [0.602049846052471, 0.8065956515310669, 0.6778244787257647], 