{"lr": 0.1, "nruns": 10, "nrounds": 10, "model": "M7.5", "global_betas": [[0.07436047083635221, 0.04468090896103477, 0.5136732479564758, 0.25598219616848406, 0.019532141186502594, 0.029325746532533413, -0.21578965542879724]], "all_global_betas": [[0.10318165388139902, -0.012776488558733284, 0.6812846521807644, 0.14758238319215322, 0.004826651934136023, -0.06657499142062964, -0.2577171692024731], [0.21611655720067252, 0.030380419617457487, 0.6355047053296548, 0.22839541906443572, 0.09707560591817876, -0.16553733353795225, -0.2261328187261683], [0.14520798837254575, 0.11866174600066334, 0.7817132259691957, 0.18563965002835206, 0.10830383879177903, -0.047529634430283255, -0.17539466411315363], [0.12605995358848904, 0.09376964700562676, 0.6652549372748477, 0.2169869414558354, 0.1820434826033389, -0.04193382559555426, -0.19423585366338392], [0.15665924479865018, 0.08300496595898725, 0.6185985245311124, 0.11431963527794117, -0.02237769071247945, -0.08668425242620198, -0.2318482798186468], [0.10692299424746782, -0.003831039480747603, 0.6210434204756651, 0.11847285181567854, -0.04507265252830019, -0.04737345246111477, -0.24617306884795898], [0.18863092964383957, 0.0884001536967716, 0.698316048439365, 0.14286198785425364, 0.08359348838767897, -0.103017479710453, -0.24185022588480795], [0.1474761346717401, 0.054099104075662, 0.6563019744307357, 0.09988315213203312, 0.01769651644098997, -0.09788923738682576, -0.2806945604543192], [0.17930280234392557, 0.07216988962279157, 0.6502252363473262, 0.11338417648115678, -0.04837772083882085, -0.06810994651073117, -0.24314364339596067], [0.07436047083635221, 0.04468090896103477, 0.5136732479564758, 0.25598219616848406, 0.019532141186502594, 0.029325746532533413, -0.21578965542879724]], "coef_names": ["brain_age", "sex", "dm", "bmi", "Lag_time", "ec_1", "ec_3"], "local_betas": [[0.0051302345383346295, -0.003198338574128349, 0.03985942870463842, 0.011300335978767732, -0.0006021795141169907, 0.0002394475849816205, 0.0017619211983154605], [0.009618714647705147, -0.04707663464222284, 0.17113541560379053, 0.11451716944542516, 0.03514557012597138, 0.010061355240214339, -0.09730930494235371], [0.059611521650312436, 0.09495588217738596, 0.3026784036480469, 0.13016469074429118, -0.015011249425351793, 0.01902494370733745, -0.12024227168475901]], "test_mae": [[[0.7421544295822718, 1.1650162227352119, 1.123776354115833], [0.6058499087365418, 0.786209951264524, 0.678984685361751], [0.6070294789688797, 0.777615142548972, 0.6776051025350727], [0.6070774901062586, 0.7772905278103035, 0.6775841869630462], [0.6070796749441681, 0.7772753117204696, 0.6775832372565083], [0.6070797763794303, 0.7772745701576407, 0.6775831877193866], [0.6070797811141307, 0.777274533870122, 0.6775831851176953], [0.6070797813357015, 0.7772745320906294, 0.6775831849812781], [0.6070797813460908, 0.7772745320031624, 0.6775831849741478], [0.6070797813465788, 0.7772745319988532, 0.6775831849737765]], [[1.832408719798674, 1.7270631985132703, 1.4706409798787663], [0.6079425573647532, 0.7817318848665876, 0.6845183281523803], [0.6071511813488827, 0.7823972787460641, 0.6831086239765232], [0.6071227938761683, 0.7824467536575189, 0.6830447960622015], [0.6071215180934377, 0.7824492814019528, 0.683041685880478], [0.6071214572581198, 0.7824494045523132, 0.6830415355871636], [0.60712145430786, 0.7824494104784746, 0.6830415283593538], [0.6071214541640396, 0.7824494107624848, 0.6830415280124524], [0.6071214541570139, 0.7824494107760679, 0.6830415279958242], [0.6071214541566702, 0.7824494107767165, 0.6830415279950279]], [[2.6915646136073903, 2.820239092097835, 2.3357279806214297], [0.5905056427412774, 0.7888310425943538, 0.6753004794600955], [0.5891367633701817, 0.79179859107948, 0.6766335001311728], [0.589050299640431, 0.7919511283153752, 0.6767464451752603], [0.5890457563535682, 0.791958255987148, 0.6767521656138193], [0.5890455296878967, 0.7919585898947907, 0.6767524440366958], [0.5890455185092743, 0.7919586057095097, 0.6767524575386832], [0.5890455179589628, 0.7919586064599036, 0.6767524581930519], [0.5890455179318528, 0.7919586064954812, 0.676752458224772], [0.5890455179305153, 0.7919586064971653, 0.6767524582263105]], [[2.669820401889403, 2.4080632328823404, 3.391038361251557], [0.5931178707943595, 0.7937594019456408, 0.6785934402851906], [0.5924431897457337, 0.7918395784945432, 0.6774079185780545], [0.5924007592284026, 0.7917733868957582, 0.6773970600386912], [0.5923985089919224, 0.7917700997132866, 0.6773967923987823], [0.5923983981620277, 0.7917699370320562, 0.6773967821567122], [0.5923983928026234, 0.7917699289897854, 0.6773967816740728], [0.5923983925447919, 0.7917699285920258, 0.6773967816498931], [0.5923983925324136, 0.7917699285723341, 0.6773967816486621], [0.59239839253182, 0.7917699285713582, 0.6773967816485991]], [[1.6706599891458107, 1.9613898627445026, 1.3489346515056735], [0.6023206507213369, 0.802310823521117, 0.6778999564939816], [0.6042667118599812, 0.7924133258132985, 0.676250402929982], [0.604365450821972, 0.7919634823690797, 0.6762425130389432], [0.6043701174774669, 0.7919423650181561, 0.6762421913990913], [0.6043703390941855, 0.7919413663052428, 0.6762421853616529], [0.6043703496369125, 0.7919413190666328, 0.6762421852578385], [0.6043703501386842, 0.7919413168347343, 0.6762421852572083], [0.6043703501625679, 0.791941316729372, 0.6762421852573994], [0.6043703501637047, 0.7919413167244022, 0.67624218525742]], [[0.9252184021846879, 1.990440378807188, 1.3425623179845028], [0.6134989063107312, 0.7765433542139221, 0.6813534423370387], [0.6116267994019149, 0.7855091902161444, 0.6797346620464981], [0.6115390316514081, 0.7859621136306599, 0.679736863674411], [0.6115348231906923, 0.78598324034744, 0.6797372609285107], [0.6115346221843428, 0.7859842439722219, 0.6797372838533494], [0.6115346125961788, 0.7859842920569184, 0.6797372850584238], [0.6115346121389841, 0.7859842943664969, 0.6797372851205428], [0.6115346121171857, 0.7859842944775446, 0.6797372851237311], [0.6115346121161466, 0.7859842944828874, 0.6797372851238945]], [[2.590127861577589, 2.6361027800044847, 1.7050856055046635], [0.6001519942332096, 0.7859927956773869, 0.6771493950734578], [0.5970431684335911, 0.7849258358149164, 0.6742017305669141], [0.5969854299433736, 0.7849335308930656, 0.6741814087408189], [0.596983242837641, 0.7849331475256321, 0.6741806180165312], [0.5969831532321271, 0.784933077225042, 0.6741805900163585], [0.5969831496431042, 0.7849330710776385, 0.674180589197714], [0.5969831495059987, 0.78493307064018, 0.6741805891852826], [0.5969831495011853, 0.7849330706119344, 0.6741805891860498], [0.5969831495010433, 0.7849330706102104, 0.6741805891861558]], [[1.103706421347689, 1.4110124979053278, 1.3606610162636679], [0.607531541993489, 0.7827017104207497, 0.6775183617205827], [0.6064930335987411, 0.7819075029947367, 0.6769059142744752], [0.6064602652173785, 0.7818957743052362, 0.676875935386132], [0.6064588916348018, 0.7818951493992476, 0.6768743998031074], [0.606458829502435, 0.7818950988835438, 0.6768743232069937], [0.6064588266325794, 0.7818950951514866, 0.6768743194134834], [0.6064588264995256, 0.7818950949007043, 0.6768743192256588], [0.606458826493367, 0.7818950948848673, 0.6768743192163444], [0.606458826493083, 0.7818950948839072, 0.6768743192158815]], [[2.739576711232241, 3.216310775316576, 2.053014780978133], [0.6072077327611144, 0.81147110942748, 0.6801697789097944], [0.606297237791433, 0.8034604461830129, 0.6769302857356139], [0.6062528001922796, 0.8029846068368901, 0.6768333165509693], [0.6062503864544642, 0.8029584614768394, 0.6768283376184613], [0.6062502628277822, 0.8029570497297314, 0.676828078603533], [0.606250256582697, 0.8029569741201457, 0.6768280649442234], [0.60625025626791, 0.8029569700847654, 0.6768280642244022], [0.6062502562520321, 0.8029569698698883, 0.6768280641864969], [0.6062502562512302, 0.802956969858468, 0.676828064184502]], [[1.038157612587922, 1.9760242380834188, 1.464270230258792], [0.6067217792242312, 0.7809553227381559, 0.6877952756755269], 