{"lr": 0.1, "nruns": 10, "nrounds": 10, "model": "M1", "global_betas": [[0.2574054135737902]], "all_global_betas": [[0.24915082912168188], [0.19574493222822562], [0.21390422752234392], [0.07434492056037856], [0.1634585337802998], [0.2794011299464958], [0.07676521222556384], [0.1974668230346006], [0.25782616570130723], [0.2574054135737902]], "coef_names": ["brain_age"], "local_betas": [[0.012491573986701086], [0.13399849437440337], [0.11091534521268577]], "test_mae": [[[0.757871837595048, 0.744092830488901, 0.7964860980261139], [0.7571187848035108, 0.749997820738745, 0.7948181478870736], [0.7571265275688488, 0.7500461019185624, 0.7948401057376674], [0.7571265595406175, 0.7500463032941104, 0.7948401964069943], [0.7571265596726369, 0.7500463041256391, 0.7948401967813901], [0.757126559673182, 0.7500463041290726, 0.794840196782936], [0.7571265596731842, 0.7500463041290868, 0.7948401967829425], [0.7571265596731842, 0.7500463041290869, 0.7948401967829426], [0.7571265596731842, 0.7500463041290869, 0.7948401967829426], [0.7571265596731842, 0.7500463041290869, 0.7948401967829426]], [[0.7595737363199093, 0.7633455366511442, 0.8020941675346527], [0.7569936523792934, 0.7460654822894157, 0.7939852961917129], [0.7570003965158065, 0.7460329600070058, 0.7939880324434234], [0.7570004224067535, 0.746032836550151, 0.7939880429479778], [0.7570004225061495, 0.7460328360761962, 0.793988042988305], [0.7570004225065312, 0.7460328360743768, 0.7939880429884598], [0.7570004225065327, 0.7460328360743698, 0.7939880429884605], [0.7570004225065328, 0.7460328360743698, 0.7939880429884605], [0.7570004225065328, 0.7460328360743698, 0.7939880429884605], [0.7570004225065328, 0.7460328360743698, 0.7939880429884605]], [[0.7570791771890604, 0.7456759034164112, 0.7940282127396995], [0.7568561213375574, 0.7471837210613741, 0.793957036207698], [0.7568557861367314, 0.7471915435068948, 0.7939575139679022], [0.7568557846199871, 0.7471915789025421, 0.793957516129711], [0.756855784613124, 0.7471915790627031, 0.793957516139493], [0.7568557846130929, 0.7471915790634278, 0.7939575161395371], [0.7568557846130928, 0.7471915790634311, 0.7939575161395374], [0.7568557846130928, 0.7471915790634311, 0.7939575161395374], [0.7568557846130928, 0.7471915790634311, 0.7939575161395374], [0.7568557846130928, 0.7471915790634311, 0.7939575161395374]], [[1.0901064641645863, 1.726654344178779, 1.7612384252034199], [0.7588990845127228, 0.7448895236847669, 0.8003219944469919], [0.7591441658108808, 0.745196253379304, 0.8010347387996631], [0.7591450309686292, 0.7451973167726357, 0.8010372439976119], [0.7591450339556047, 0.7451973204440239, 0.8010372526468612], [0.7591450339659174, 0.7451973204566994, 0.8010372526767229], [0.759145033965953, 0.745197320456743, 0.8010372526768259], [0.7591450339659531, 0.7451973204567434, 0.8010372526768264], [0.7591450339659531, 0.7451973204567434, 0.8010372526768264], [0.7591450339659531, 0.7451973204567434, 0.8010372526768264]], [[0.8343313795979762, 0.9821169161154544, 1.0718200676090517], [0.7574167033878597, 0.7446328461782578, 0.7946715553955856], [0.7573805472204646, 0.7447143517726315, 0.794571765973648], [0.7573804104569117, 0.7447146600739664, 0.7945714154421152], [0.7573804099395928, 0.7447146612401404, 0.794571414116202], [0.757380409937636, 0.7447146612445517, 0.7945714141111867], [0.7573804099376285, 0.7447146612445683, 0.7945714141111676], [0.7573804099376285, 0.7447146612445684, 0.7945714141111676], [0.7573804099376285, 0.7447146612445684, 0.7945714141111676], [0.7573804099376285, 0.7447146612445684, 0.7945714141111676]], [[0.8616361583512119, 1.0646195906422538, 1.1623347026763344], [0.7575311185094691, 0.7528554032139168, 0.7962004384806218], [0.757587855597271, 0.7533014395388125, 0.7964253631980679], [0.7575880514102062, 0.7533030084570342, 0.7964261481503868], [0.7575880520860023, 0.7533030138717374, 0.7964261508594406], [0.7575880520883346, 0.7533030138904246, 0.7964261508687901], [0.7575880520883427, 0.7533030138904891, 0.7964261508688224], [0.7575880520883429, 0.7533030138904894, 0.7964261508688225], [0.7575880520883429, 0.7533030138904894, 0.7964261508688225], [0.7575880520883429, 0.7533030138904894, 0.7964261508688225]], [[0.8433078224028182, 1.0613468634351884, 1.0668707799516832], [0.7589126334519428, 0.7449126724029776, 0.8003753870845721], [0.7590548344091718, 0.7450866708149118, 0.8007786550438403], [0.7590553958488622, 0.7450873593867288, 0.8007802625378767], [0.7590553980655458, 0.7450873621053571, 0.8007802688846057], [0.7590553980742977, 0.7450873621160907, 0.800780268909664], [0.7590553980743322, 0.7450873621161331, 0.800780268909763], [0.7590553980743323, 0.7450873621161334, 0.8007802689097634], [0.7590553980743323, 0.7450873621161334, 0.8007802689097634], [0.7590553980743323, 0.7450873621161334, 0.8007802689097634]], [[0.7620498381883906, 0.7515833135774722, 0.8110372564214968], [0.7569896160515555, 0.746085040137066, 0.7939836585604675], [0.7569801958435629, 0.7461311363156774, 0.7939800011379374], [0.7569801572625594, 0.7461313251179729, 0.7939799870294567], [0.7569801571045488, 0.7461313258912234, 0.7939799869716745], [0.7569801571039017, 0.7461313258943904, 0.793979986971438], [0.7569801571038989, 0.7461313258944035, 0.793979986971437], [0.7569801571038989, 0.7461313258944035, 0.793979986971437], [0.7569801571038989, 0.7461313258944035, 0.793979986971437], [0.7569801571038989, 0.7461313258944035, 0.793979986971437]], [[1.1090335437363514, 1.6795074970746848, 1.8391795451653619], [0.7571456067236079, 0.75016627278769, 0.7948950879839974], [0.757258487276317, 0.750911344030477, 0.7952274264929019], [0.7572589072688728, 0.7509141637740999, 0.7952286883242325], [0.7572589088315312, 0.7509141742654672, 0.7952286930191048], [0.7572589088373454, 0.7509141743045021, 0.795228693036573], [0.757258908837367, 0.7509141743046475, 0.7952286930366379], [0.757258908837367, 0.750914174304648, 0.7952286930366381], [0.757258908837367, 0.750914174304648, 0.7952286930366381], [0.757258908837367, 0.750914174304648, 0.7952286930366381]], [[0.8618101609414786, 1.0651357518866376, 1.1629004902237234], [0.7572028619382233, 0.7505378869532173, 0.7950631151673436], [0.7572523376591317, 0.7508700567657346, 0.795208950499629], [0.7572524894615901, 0.7508710759362129, 0.7952094065769938], [0.7572524899273537, 0.7508710790632533, 0.7952094079763401], [0.7572524899287827, 0.7508710790728479, 0.7952094079806336], [0.7572524899287871, 0.7508710790728773, 0.7952094079806468], [0.7572524899287872, 0.7508710790728774, 0.7952094079806468], [0.7572524899287872, 0.7508710790728774, 0.7952094079806468], [0.7572524899287872, 0.7508710790728774, 0.7952094079806468]]],