{"lr": 0.1, "nruns": 10, "nrounds": 10, "model": "M1.5", "global_betas": [[-0.01927076872315759, 0.3694059552342795]], "all_global_betas": [[-0.04782194925086731, 0.41974896983338705], [-0.08375999936221826, 0.32638327308848114], [-0.04851099847279114, 0.35497335958893983], [-0.19178005549556165, 0.2916104636076049], [-0.13642044666203204, 0.39768120802727475], [-0.009105920390294262, 0.37594009702694914], [-0.1639117743312134, 0.2885853455194184], [-0.069316124584597, 0.40030890406693453], [-0.007048043496924748, 0.39233126877284796], [-0.01927076872315759, 0.3694059552342795]], "coef_names": ["brain_age", "Age"], "local_betas": [[-0.011168861127086751, 0.03320025171473118], [0.020761092723201466, 0.17765776785140783], [-0.028863000319272306, 0.1585479356681405]], "test_mae": [[[0.7949233032159828, 0.7618425387321879, 0.8296346420770585], [0.7005952158163814, 0.7487976837398763, 0.7626669133372109], [0.7003987624334933, 0.7485355817850416, 0.7624615942345941], [0.700396082813548, 0.7485319564107474, 0.7624587468045569], [0.7003960459253695, 0.7485319064999817, 0.7624587076053484], [0.7003960454175625, 0.748531905812904, 0.7624587070657275], [0.700396045410572, 0.7485319058034456, 0.762458707058299], [0.7003960454104757, 0.7485319058033154, 0.7624587070581967], [0.7003960454104744, 0.7485319058033136, 0.7624587070581953], [0.7003960454104744, 0.7485319058033136, 0.7624587070581953]], [[0.7956187634399288, 1.0672287471693453, 1.0060571731658323], [0.703358869330153, 0.7345981144126559, 0.7620907382279664], [0.703282153963926, 0.7345779397603602, 0.7620793679685488], [0.7032811358370401, 0.7345777156631501, 0.7620791920734996], [0.703281122687698, 0.7345777127705684, 0.7620791898005703], [0.70328112251789, 0.7345777127332143, 0.762079189771218], [0.7032811225156972, 0.7345777127327318, 0.762079189770839], [0.7032811225156689, 0.7345777127327255, 0.7620791897708341], [0.7032811225156685, 0.7345777127327255, 0.762079189770834], [0.7032811225156685, 0.7345777127327255, 0.762079189770834]], [[0.9339805013121619, 0.8670993980497786, 0.975253047253471], [0.7022604147672432, 0.7398656989552769, 0.7611852078755059], [0.7019129770732532, 0.7396386059737962, 0.7609693720703234], [0.7019081418985692, 0.7396355213208882, 0.7609664109491884], [0.7019080743832181, 0.7396354782436346, 0.7609663696011831], [0.7019080734404624, 0.7396354776421218, 0.760966369023817], [0.7019080734272981, 0.7396354776337226, 0.760966369015755], [0.7019080734271144, 0.7396354776336053, 0.7609663690156424], [0.7019080734271117, 0.7396354776336036, 0.7609663690156407], [0.7019080734271117, 0.7396354776336036, 0.7609663690156407]], [[1.8211566168044278, 1.5039843645283413, 1.7468571452531447], [0.7112158908429966, 0.7360027342492256, 0.7746046986979415], [0.7092440873971645, 0.7375126643412183, 0.7761043666713171], [0.7092190930264939, 0.7375349466104177, 0.776127559519856], [0.7092187658607364, 0.737535239931823, 0.776127864192319], [0.7092187615782535, 0.7375352437712955, 0.776127868180373], [0.7092187615221972, 0.7375352438215529, 0.7761278682325754], [0.7092187615214635, 0.7375352438222108, 0.7761278682332586], [0.7092187615214538, 0.7375352438222194, 0.7761278682332675], [0.7092187615214538, 0.7375352438222195, 0.7761278682332677]], [[0.9045439106951204, 1.0694099421597245, 1.1696003871654104], [0.6980213034023165, 0.7369350399435858, 0.7603972997485331], [0.6981006652670556, 0.7369415256080171, 0.7603577476793731], [0.6981016232016646, 0.7369416183674349, 0.7603573119094873], [0.6981016346088279, 0.7369416194697508, 0.7603573067214673], [0.6981016347446575, 0.7369416194828764, 0.7603573066596915], [0.6981016347462747, 0.7369416194830327, 0.7603573066589561], [0.698101634746294, 0.7369416194830346, 0.7603573066589473], [0.6981016347462944, 0.7369416194830346, 0.7603573066589471], [0.6981016347462944, 0.7369416194830347, 0.7603573066589472]], [[1.5386867710552674, 1.903703982544368, 2.0542585613727153], [0.702806362710915, 0.7478485675666121, 0.7636784242270992], [0.7025418815671852, 0.7474940983445559, 0.7634198203335649], [0.7025385739615329, 0.747489510322334, 0.7634165162646654], [0.7025385325857498, 0.747489452921533, 0.7634164749302885], [0.7025385320681679, 0.7474894522034891, 0.7634164744132245], [0.7025385320616934, 0.7474894521945068, 0.7634164744067564], [0.7025385320616123, 0.7474894521943944, 0.7634164744066755], [0.7025385320616113, 0.747489452194393, 0.7634164744066746], [0.7025385320616113, 0.747489452194393, 0.7634164744066746]], [[1.3754324474616326, 2.160823000998249, 2.0835556229636945], [0.7086765859672028, 0.7353564049413389, 0.7721820638206869], [0.7084084132874444, 0.7355947023378038, 0.7725004083370363], [0.7084046762376309, 0.7355978515901545, 0.7725044775131923], [0.7084046267077119, 0.735597894165397, 0.772504531425498], [0.7084046260513657, 0.7355978947295829, 0.7725045321399167], [0.7084046260426682, 0.7355978947370592, 0.7725045321493836], [0.7084046260425529, 0.7355978947371582, 0.7725045321495092], [0.7084046260425513, 0.7355978947371596, 0.7725045321495109], [0.7084046260425513, 0.7355978947371596, 0.7725045321495109]], [[0.7068157791557629, 0.7390493666116223, 0.7633051671897725], [0.6998159707410798, 0.7429014969740377, 0.760616547924284], [0.6997671400648233, 0.742835712983073, 0.760576055399047], [0.6997665105260744, 0.7428348582691671, 0.7605755316496543], [0.6997665024135131, 0.7428348472543842, 0.7605755249002426], [0.6997665023089709, 0.7428348471124424, 0.7605755248132664], [0.6997665023076236, 0.7428348471106133, 0.7605755248121455], [0.6997665023076063, 0.7428348471105898, 0.7605755248121311], [0.699766502307606, 0.7428348471105893, 0.760575524812131], [0.6997665023076058, 0.7428348471105893, 0.760575524812131]], [[1.8050686959079176, 2.569161551933825, 2.751916687095241], [0.7019340406723361, 0.7498459330626236, 0.7638933498835482], [0.7022136964626898, 0.7502981816088742, 0.7642326278736696], [0.7022176160723442, 0.7503040773244726, 0.7642372188853288], [0.7022176697600317, 0.7503041580654991, 0.7642372817650257], [0.7022176704954238, 0.7503041591714561, 0.764237282626326], [0.702217670505497, 0.750304159186605, 0.7642372826381237], [0.702217670505635, 0.7503041591868125, 0.7642372826382854], [0.7022176705056368, 0.7503041591868154, 0.7642372826382875], [0.7022176705056369, 0.7503041591868155, 0.7642372826382876]], [[0.780921702862327, 0.9528846650361658, 1.036935095186746], [0.7019641972442974, 0.7446358544178179, 0.762200055912217], [0.702337557121561, 0.745069026140874, 0.762527671127414], [0.7023425093978867, 0.7450748294744418, 0.7625320302898203], [0.702342575079795, 0.7450749064431107, 0.7625320881050334], [0.7023425759509322, 0.7450749074639439, 0.7625320888718349], [0.7023425759624861, 0.7450749074774833, 0.7625320888820049], [0.7023425759626394, 0.7450749074776628, 0.7625320888821397], [0.7023425759626414, 0.7450749074776652, 0.7625320888821415], [0.7023425759626414, 0.7450749074776652, 0.7625320888821416]]],