{"lr": 0.1, "nruns": 10, "nrounds": 10, "model": "M2", "global_betas": [[0.01503754280885456, 0.35894740713422146, 0.03802000224043178, -0.15046855566383716, 0.18108462309308465]], "all_global_betas": [[-0.016182176652666306, 0.4446203617528873, 0.23994705805589195, -0.04909528530476925, 0.14860666704413703], [-0.03857581037997439, 0.3342427044489511, 0.17560478450918504, -0.18913208734116993, 0.1908826269049741], [-0.001943465363464552, 0.3659053634338898, 0.10159703205065362, -0.06687346954184696, 0.19244146905426407], [-0.18197134050586528, 0.30281558640271433, 0.13133908737989788, -0.24003323578203872, 0.20440381090136978], [-0.07726134500869111, 0.3956441027095342, 0.05447108704169683, -0.1839041293498898, 0.08682600385894448], [-0.011049727856469002, 0.3859254348208083, 0.13699778573865462, -0.13978359999077788, 0.1868184540684937], [-0.13073959888994457, 0.3340492254101019, 0.25820458282060804, -0.08498830577904719, 0.16929242112211615], [-0.014456278497364134, 0.36524435013014045, 0.07475782604785558, -0.16969604873705763, 0.16300044826596266], [0.042624526157030856, 0.40931397693027416, 0.1403671682604103, -0.11004360790360633, 0.1388344954948055], [0.01503754280885456, 0.35894740713422146, 0.03802000224043178, -0.15046855566383716, 0.18108462309308465]], "coef_names": ["brain_age", "Age", "Lag_time", "sex", "dm"], "local_betas": [[-0.005224017175246259, 0.027409115154484465, 0.022452164479496235, -0.0010747211877188989, -0.004412528691223521], [0.07218807943916117, 0.16608851464567828, -0.03285722613493569, -0.12122861929623488, 0.06793630640290638], [-0.05192651945506035, 0.1654497773340587, 0.04842506389587124, -0.028165215179883383, 0.11756084538140181]], "test_mae": [[[0.7428497533579073, 1.1167669252193373, 0.8810035265038519], [0.6726029650074843, 0.742877971686464, 0.7677546504676757], [0.6733237180427467, 0.7419128652727907, 0.7666141542455442], [0.6733543309153025, 0.7418825845373763, 0.76658169188075], [0.6733556351074133, 0.7418814312876917, 0.7665805589519334], [0.6733556917894568, 0.7418813840196843, 0.7665805148934617], [0.6733556942863023, 0.7418813819975418, 0.7665805130609487], [0.6733556943971347, 0.7418813819090447, 0.7665805129818755], [0.6733556944020743, 0.7418813819051272, 0.766580512978399], [0.673355694402295, 0.7418813819049528, 0.7665805129782448]], [[1.1070760940626156, 0.994509962316942, 1.4646507469346453], [0.6971757200386249, 0.7265101941248591, 0.7658320567218838], [0.6967915440099536, 0.7256152649094765, 0.7648295498050222], [0.6967677535679301, 0.7256205153777754, 0.7648126182048003], [0.6967663870745687, 0.7256214349927191, 0.7648123438060724], [0.6967663159825974, 0.7256214921770324, 0.7648123416419765], [0.6967663123965232, 0.7256214952246003, 0.764812341769396], [0.6967663122176031, 0.7256214953796891, 0.7648123417805015], [0.6967663122087132, 0.7256214953874536, 0.7648123417811494], [0.6967663122082721, 0.7256214953878399, 0.7648123417811834]], [[2.101644025270248, 1.734991452393048, 1.5794148030835533], [0.6951009232759779, 0.7264040203238777, 0.7651675031893176], [0.693939813269931, 0.7280896926883939, 0.7628480909701834], [0.6938803218504255, 0.7281217391550896, 0.7627844473063274], [0.6938770774106293, 0.7281221568719379, 0.7627819824318818], [0.6938769121855892, 0.7281221562358554, 0.7627818735044807], [0.6938769039568843, 0.728122155812335, 0.7627818684011044], [0.6938769035502912, 0.7281221557841209, 0.7627818681552835], [0.6938769035302592, 0.7281221557825925, 0.7627818681432983], [0.6938769035292734, 0.7281221557825147, 0.762781868142711]], [[1.8151436755955774, 1.6851903136443167, 1.8522724716622856], [0.711787438418712, 0.7453182943561051, 0.7667998134208017], [0.7135191909159496, 0.7448037074875976, 0.7652187733602941], [0.713580873810761, 0.7447507613084574, 0.7652083721370648], [0.7135833893924796, 0.7447484491770882, 0.7652086355813776], [0.713583500366126, 0.7447483600203408, 0.7652086618130611], [0.7135835054875067, 0.7447483563960033, 0.7652086633555217], [0.7135835057291361, 0.7447483562378501, 0.7652086634353774], [0.7135835057406508, 0.7447483562306079, 0.7652086634393291], [0.7135835057412018, 0.7447483562302676, 0.7652086634395212]], [[1.313680343538508, 2.5248198109516102, 1.5111838788404865], [0.7146575579568556, 0.7270674953848807, 0.765312142698299], [0.7164614510198659, 0.7264886575090785, 0.7632189973668032], [0.7165356914727083, 0.7264569824034505, 0.7631522547372281], [0.7165389750215537, 0.7264552299675479, 0.763149311263769], [0.7165391250322237, 0.7264551430771936, 0.7631491774502869], [0.7165391319727903, 0.7264551389271127, 0.7631491712780878], [0.7165391322954993, 0.7264551387316912, 0.7631491709915474], [0.716539132310533, 0.7264551387225407, 0.7631491709782081], [0.716539132311234, 0.7264551387221133, 0.7631491709775863]], [[1.5691127609943956, 1.697402198088683, 2.228991040920053], [0.698630494971571, 0.7241588502093859, 0.7668136203553139], [0.6972360346948563, 0.7239182764718443, 0.7663422431324852], [0.6971871405504362, 0.7239289156747457, 0.766330371402867], [0.697185009425061, 0.7239295174419536, 0.7663297938161429], [0.6971849129003792, 0.7239295468141574, 0.7663297655825695], [0.6971849084670354, 0.7239295481964664, 0.7663297642327412], [0.6971849082623488, 0.723929548260838, 0.7663297641691981], [0.6971849082528793, 0.7239295482638257, 0.7663297641662316], [0.6971849082524407, 0.7239295482639643, 0.7663297641660937]], [[2.0524887384630155, 4.187974510226713, 2.3461124834814124], [0.676943311999463, 0.7475643151220821, 0.7567484052211358], [0.6749226645904816, 0.7577186029272408, 0.7568169572086847], [0.6748701824339549, 0.7579655987779578, 0.7568209660323872], [0.6748683583817545, 0.7579720866705015, 0.7568206683513442], [0.674868285346837, 0.757972297459845, 0.7568206452923295], [0.6748682822115758, 0.7579723054881623, 0.756820644058057], [0.6748682820728035, 0.7579723058232065, 0.756820643998384], [0.6748682820665811, 0.7579723058378304, 0.7568206439956066], [0.6748682820663006, 0.7579723058384817, 0.7568206439954794]], [[1.1052969387345737, 0.9606322375197297, 0.9505376182176526], [0.7123739931332169, 0.7237617658982873, 0.7670477524663823], [0.7129110061337235, 0.7237701582167204, 0.7669423769349143], [0.7129348851978419, 0.7237667199266673, 0.766940514975551], [0.7129359399920424, 0.7237664661960787, 0.7669404604417861], [0.7129359882030788, 0.7237664526655349, 0.7669404587546635], [0.7129359904359853, 0.7237664520023488, 0.766940458696545], [0.7129359905399344, 0.7237664519707783, 0.7669404586942926], [0.7129359905447834, 0.7237664519692921, 0.7669404586941974], [0.7129359905450097, 0.7237664519692224, 0.766940458694193]], [[2.365013420569694, 2.537336827587739, 2.935827433989847], [0.6945230947594515, 0.732787034300043, 0.7735092954395066], [0.6957528522123652, 0.7318713333880041, 0.7740141353129558], [0.6958219933548863, 0.7318632514060422, 0.7740125108478058], [0.6958254903948281, 0.7318633345289884, 0.7740113895561551], [0.6958256608620071, 0.7318633469625999, 0.7740113145944356], [0.6958256690316664, 0.7318633477357671, 0.7740113106015032], [0.6958256694201791, 0.7318633477762724, 0.7740113104035448], [0.6958256694385907, 0.7318633477782704, 0.7740113103939988], [0.6958256694394619, 0.7318633477783665, 0.7740113103935438]], [[1.216921834000757, 1.746682433228283, 1.7226069694412989], [0.7211827646751082, 0.7342641225452736, 0.7684039272892971], [0.7191551825059698, 0.7293464932912519, 0.7692898942362247], [0.7191015704552585, 0.7292595456081775, 0.7693129781526701], [0.7190996968666822, 0.72925746657648, 0.7693130527576967], [0.719099620386307, 0.7292574058394097, 0.7693130354591736], [0.7190996169943076, 0.7292574036729895, 0.7693130342197455], [0.7190996168380607, 0.7292574035839315, 0.7693130341526527], [0.7190996168307464, 0.7292574035799748, 0.769313034149309], [0.7190996168304019, 0.7292574035797925, 0.7693130341491473]]],