{"lr": 0.1, "nruns": 10, "nrounds": 10, "model": "M2.5", "global_betas": [[0.28767269865058037, 0.016707753754146557, -0.14008716585252584, 0.20759719879462993]], "all_global_betas": [[0.29112821432871366, 0.21035465734713085, -0.039655983702097525, 0.15418697835654532], [0.24000732963488242, 0.1597206460551896, -0.1729604796874416, 0.20461157762596952], [0.26763800111449865, 0.09124628978600359, -0.08783446357989805, 0.21120343170735575], [0.08254201645031206, 0.0883767749613379, -0.226865626038972, 0.20134536788721338], [0.22004799217807847, 0.0210200906123737, -0.19646820405036353, 0.11009532432292063], [0.29188007742937533, 0.11334198849652814, -0.14010860362580133, 0.19994211553123653], [0.1257559982737971, 0.22672933562150815, -0.08195021723551255, 0.1856591810328782], [0.24783445080271266, 0.08347663187646712, -0.16456122113034677, 0.1634924597552549], [0.3173818852969111, 0.1266623963319321, -0.10951999816405829, 0.14968923144325214], [0.28767269865058037, 0.016707753754146557, -0.14008716585252584, 0.20759719879462993]], "coef_names": ["brain_age", "Lag_time", "sex", "dm"], "local_betas": [[0.01511116388155043, 0.030830820105102803, -0.0025398494241375305, 2.465905873662363e-05], [0.17036741915478648, -0.04779412439605799, -0.13322829846007947, 0.07246558778268146], [0.10219411561424345, 0.033671058045101745, -0.004319017968308841, 0.13510695195321185]], "test_mae": [[[0.7893271347480509, 0.9029014680147818, 0.9152210341055882], [0.7279127627536709, 0.7621028439457466, 0.7942390150738893], [0.7270889876174451, 0.7626286883754926, 0.7947008013224988], [0.7270756711501233, 0.7626382273244894, 0.794707074022933], [0.7270754693924134, 0.7626383350235058, 0.7947071594926595], [0.7270754668207476, 0.7626383346881102, 0.7947071603278483], [0.7270754668110825, 0.7626383345891248, 0.7947071603172506], [0.7270754668123711, 0.7626383345833192, 0.7947071603159958], [0.727075466812457, 0.7626383345830366, 0.7947071603159267], [0.7270754668124613, 0.7626383345830235, 0.7947071603159235]], [[0.7787406840610096, 1.239929407151913, 1.007270501723045], [0.7409861893296266, 0.7406508868660154, 0.7987409340107184], [0.7416107041662842, 0.7390729153267555, 0.7981824968765742], [0.7416469149743642, 0.7389928370669413, 0.7981658489459938], [0.7416487657963426, 0.7389888742332757, 0.7981650763370971], [0.7416488581322036, 0.7389886773329855, 0.7981650374375489], [0.7416488627052182, 0.7389886675935858, 0.798165035505034], [0.7416488629311904, 0.7389886671125093, 0.7981650354094464], [0.7416488629423488, 0.7389886670887568, 0.7981650354047248], [0.7416488629428997, 0.7389886670875843, 0.7981650354044917]], [[1.1777891550599564, 1.0975226266053066, 1.2444556188814713], [0.7453988393712513, 0.7413942519286302, 0.7953178772961654], [0.7464634161755503, 0.7396238916055996, 0.7953042657188043], [0.7465335995766923, 0.7395582783249607, 0.7953490340261459], [0.7465372404909443, 0.7395553670661795, 0.795351322288057], [0.7465374218493077, 0.7395552273089137, 0.7953514332619092], [0.7465374307707011, 0.7395552205178162, 0.7953514386740589], [0.746537431207791, 0.7395552201864463, 0.7953514389384692], [0.7465374312291772, 0.7395552201702547, 0.7953514389513943], [0.7465374312302232, 0.7395552201694631, 0.7953514389520262]], [[2.055741496185457, 3.5331519166397936, 1.9341701147190333], [0.765436282399943, 0.7382086259512932, 0.7962852918381104], [0.7639934433094427, 0.742499960217505, 0.7970906228790634], [0.7639896537120902, 0.7425440117129087, 0.7971072699998125], [0.7639910002248798, 0.7425436924780516, 0.7971078162480613], [0.7639910815459279, 0.7425436413873995, 0.7971078387311633], [0.7639910856964978, 0.7425436383921529, 0.7971078397532997], [0.763991085899317, 0.7425436382401922, 0.7971078398014315], [0.7639910859090965, 0.7425436382327802, 0.7971078398037248], [0.7639910859095661, 0.7425436382324231, 0.7971078398038347]], [[1.2114576218513455, 1.2530843289194578, 1.75320224141396], [0.777907673876989, 0.7323706516151717, 0.798929010132737], [0.7757970186958885, 0.7314072621755624, 0.7996133394602178], [0.7757445791104796, 0.7314047816531948, 0.7996352212131987], [0.775742852599812, 0.7314051325909465, 0.7996360365686277], [0.7757427835096786, 0.7314051563522208, 0.7996360711468672], [0.7757427804733887, 0.7314051575753788, 0.7996360727035354], [0.7757427803349686, 0.7314051576341388, 0.7996360727751274], [0.7757427803285747, 0.7314051576369016, 0.7996360727784443], [0.775742780328278, 0.7314051576370304, 0.7996360727785985]], [[1.4431063574158758, 1.4770758337689187, 1.3880678873804257], [0.749590420638071, 0.7372303872254564, 0.7997775676499215], [0.7484685191139778, 0.7373742515126307, 0.8008672115055144], [0.7484430839439341, 0.7373823774244375, 0.800879630895333], [0.7484423794715472, 0.73738284982058, 0.8008798106676839], [0.7484423545604053, 0.7373828756024191, 0.8008798138536932], [0.748442353530539, 0.7373828768279252, 0.8008798139240331], [0.7484423534848551, 0.7373828768851208, 0.8008798139260833], [0.7484423534827735, 0.7373828768877736, 0.8008798139261591], [0.7484423534826777, 0.7373828768878963, 0.8008798139261624]], [[1.370111917894329, 1.9569015369189866, 2.4689749179821794], [0.7230159155434099, 0.7854749896107494, 0.7901749190031032], [0.7257862563959335, 0.7739078375150511, 0.7893018802706784], [0.7258451859733813, 0.7736954328477383, 0.7892991571108338], [0.7258467019923714, 0.77369020926026, 0.7892993124174643], [0.7258467521864984, 0.7736900443357945, 0.7892993239567448], [0.7258467541547591, 0.7736900380526386, 0.7892993245502646], [0.7258467542386166, 0.773690037788385, 0.7892993245781662], [0.7258467542423128, 0.7736900377767961, 0.7892993245794407], [0.7258467542424779, 0.7736900377762798, 0.7892993245794984]], [[0.7524325227962444, 0.8885170211651369, 0.8999062497039809], [0.7552353156981539, 0.7333862093667871, 0.7984876479048754], [0.7563070997192569, 0.7327415242473047, 0.7981866499081343], [0.7563506909277213, 0.7327116120722817, 0.7981803420291215], [0.7563526077218927, 0.732710186970575, 0.7981800813650829], [0.7563526951880751, 0.7327101200850268, 0.798180069985823], [0.756352699235548, 0.7327101169590062, 0.7981800694688115], [0.756352699423791, 0.7327101168131083, 0.7981800694449278], [0.7563526994325617, 0.7327101168063022, 0.7981800694438177], [0.7563526994329705, 0.7327101168059847, 0.798180069443766]], [[2.078595870385747, 2.2544218729096794, 1.8108320812609484], [0.7434694991018849, 0.7427914711066973, 0.8005448347824666], [0.74391906255905, 0.7432647231166649, 0.8015963648735552], [0.7439302963135127, 0.7432571864371339, 0.8015935437776222], [0.7439307346011638, 0.743256699045406, 0.8015932358582498], [0.7439307540422445, 0.7432566754275948, 0.8015932211564754], [0.7439307549384437, 0.7432566743117606, 0.8015932204714389], [0.7439307549802816, 0.7432566742592569, 0.8015932204393788], [0.7439307549822433, 0.743256674256789, 0.8015932204378747], [0.7439307549823353, 0.7432566742566731, 0.8015932204378041]], [[1.300630015645425, 1.6596639643695874, 1.1855274386391308], [0.7675196770322243, 0.7347628245433314, 0.8017165832525546], [0.7690391576787486, 0.7370115880650078, 0.8014815059287248], [0.7690575547811811, 0.7370460889450932, 0.8014737587111658], [0.7690575769834695, 0.7370465430128886, 0.8014735543602799], [0.7690575646598934, 0.7370465461742631, 0.8014735477535904], [0.7690575638686167, 0.737046546035384, 0.8014735474920347], [0.769057563828064, 0.7370465460242986, 0.8014735474805234], [0.7690575638261047, 0.7370465460237052, 0.8014735474799947], [0.7690575638260118, 0.7370465460236763, 0.8014735474799702]]],