{"lr": 0.1, "nruns": 10, "nrounds": 10, "model": "M3", "global_betas": [[0.041944669993099815, -0.2139028560880153, 0.1636903722611407, 0.0020718974725562056, 0.037810811795229146, 0.328020626648863, 0.13476581536541973, 0.05293013556534916]], "all_global_betas": [[0.016847914622106382, -0.10605216317293877, 0.12753413787804055, -0.06995546498639169, 0.23523569229464708, 0.43008149426184006, 0.10736300742036717, 0.09726245830167271], [-0.009257648197703167, -0.24455599992080035, 0.16665479042099346, 0.06829051893645241, 0.1600604541025698, 0.290172625876976, 0.12265080170326154, 0.08207665440923538], [0.039173933130965954, -0.17911790608611722, 0.1421830860908175, 0.02848277764147463, 0.10826356261309378, 0.33322148649224903, 0.15785674729632415, 0.07176909304402637], [-0.16339787485916418, -0.2767446345419136, 0.181540667989754, -0.02536641365186154, 0.12829584525791954, 0.28257637772766275, 0.09239297536778146, 0.07014900511832767], [-0.059018825352267004, -0.23190702936393806, 0.08248440009952766, -0.03496863732856391, 0.04102992990083748, 0.3823129592239052, 0.07358674380041627, 0.11385915778490968], [-0.0046037596728959705, -0.20289124535063663, 0.15549597021105216, 0.053447750610382275, 0.13672281985543144, 0.35374275659179644, 0.12369398757709302, 0.08274656721344255], [-0.09715890522668919, -0.14900555818831018, 0.126606189551855, 0.010836100296098385, 0.2734096341265764, 0.32327981306087195, 0.10980298633848323, 0.10386541156789503], [0.03587369200910282, -0.22444803947951714, 0.11825038458193765, 0.016656935635664172, 0.0784814421590191, 0.3283841783471565, 0.08993377558371077, 0.11778121245379601], [0.0877454217667922, -0.17825372042252619, 0.0904374699583149, -0.0005085952205981029, 0.1536097785062729, 0.3792139342896176, 0.1552528367340273, -0.03767005589707956], [0.041944669993099815, -0.2139028560880153, 0.1636903722611407, 0.0020718974725562056, 0.037810811795229146, 0.328020626648863, 0.13476581536541973, 0.05293013556534916]], "coef_names": ["brain_age", "sex", "dm", "bmi", "Lag_time", "Age", "ec_1", "ec_3"], "local_betas": [[-0.004607402411559792, -0.002201640284376873, -0.006714086378431927, -0.00016601103936752864, 0.016948872890799476, 0.026318484739661797, 0.010589132676912449, 0.01065759718664548], [0.07662213193204405, -0.12304130488839447, 0.03436237171668855, 0.061973703453883554, -0.027697667554738042, 0.15976523798526318, -0.003449829310833314, -0.0066567648813788], [-0.030070059527384434, -0.08865991091524396, 0.13604208692288405, -0.05973579494195982, 0.048559606459167716, 0.141936903923938, 0.1276265119993406, 0.04892930326008248]], "test_mae": [[[0.8067513639386122, 1.3607731715337616, 1.1782461232630657], [0.6727472710173733, 0.7546806198003945, 0.7508686661984828], [0.671578591547876, 0.75410536101839, 0.7532439742803015], [0.6715428781601047, 0.7541836750839339, 0.7534300745854048], [0.6715414936551115, 0.7541873373190006, 0.7534394183634726], [0.6715414441179508, 0.7541875022644209, 0.753439875366943], [0.6715414425707794, 0.7541875096401294, 0.7534398977481374], [0.6715414425370388, 0.7541875099680723, 0.7534398988474225], [0.6715414425374003, 0.7541875099825782, 0.7534398989016062], [0.6715414425375148, 0.7541875099832164, 0.7534398989042869]], [[1.6105669754546732, 1.698144972461771, 1.3593978975753327], [0.6940785267502846, 0.722473284241593, 0.7751317737330063], [0.6941892031036528, 0.7217445486332347, 0.7741553365848239], [0.6941868178302466, 0.721693630168117, 0.7740949223201042], [0.6941865938695503, 0.7216908491549204, 0.7740916292208088], [0.6941865781552639, 0.7216907057049841, 0.7740914548530782], [0.6941865771411071, 0.7216906983876695, 0.7740914456634602], [0.6941865770784109, 0.7216906980145985, 0.7740914451788433], [0.6941865770746409, 0.7216906979955378, 0.7740914451532434], [0.6941865770744188, 0.7216906979945612, 0.7740914451518887]], [[2.457672454279739, 2.617891205595008, 2.1920548050154944], [0.686813444766992, 0.7254203508539611, 0.7687968798410286], [0.6876602246997454, 0.7275623827964934, 0.7668247296003725], [0.6876897768433973, 0.7277247506514968, 0.7667514621589071], [0.6876911495670296, 0.7277325725362016, 0.7667480506549944], [0.6876912150165606, 0.7277329524248886, 0.7667478841908202], [0.6876912181560733, 0.7277329708192234, 0.7667478760780804], [0.6876912183068553, 0.7277329717110338, 0.7667478756827681], [0.6876912183140955, 0.7277329717542943, 0.7667478756634994], [0.6876912183144431, 0.7277329717563935, 0.7667478756625598]], [[3.1626239793249464, 2.373814295015521, 3.130988814102053], [0.6991776706163375, 0.7503825313129018, 0.761249377089094], [0.6992516603216461, 0.7429346886653796, 0.7598286400509559], [0.699261888407314, 0.7426249971552468, 0.7598113207147049], [0.6992620316359077, 0.7426094684110354, 0.759810515822314], [0.6992620265384879, 0.7426086767136649, 0.7598104714620411], [0.6992620257783881, 0.7426086362784983, 0.7598104689675582], [0.6992620257165417, 0.7426086342099152, 0.7598104688274254], [0.6992620257122563, 0.7426086341039081, 0.7598104688195979], [0.699262025711981, 0.742608634098466, 0.7598104688191634]], [[2.0646142610148916, 1.8615033776132588, 1.6862316893610887], [0.7041865954909051, 0.7344531748042107, 0.7539631736542552], [0.701330731489559, 0.7302797349825204, 0.753982799232897], [0.701202239383032, 0.7301702048903903, 0.7540420666392077], [0.7011960860485043, 0.7301655978538846, 0.7540446527468713], [0.7011957896173187, 0.7301653996763032, 0.7540447696658507], [0.7011957753010972, 0.730165391044135, 0.7540447750471405], [0.7011957746085863, 0.7301653906723865, 0.7540447752959728], [0.7011957745750425, 0.730165390656682, 0.7540447753074744], [0.7011957745734155, 0.7301653906560369, 0.7540447753080047]], [[1.2420295253160667, 2.1011682796970277, 1.4877998849503429], [0.6880805237155975, 0.723819009461382, 0.7731927670125134], [0.6886815653444588, 0.7220325778633724, 0.7696961498515322], [0.6887160012260186, 0.7220714118091097, 0.7695761439113814], [0.6887175198853172, 0.722073620667759, 0.7695701492353787], [0.6887175858578449, 0.7220737303158937, 0.7695698420826179], [0.6887175886744301, 0.7220737358690119, 0.7695698263422417], [0.6887175887918471, 0.7220737361519748, 0.7695698255356872], [0.6887175887965779, 0.7220737361664288, 0.769569825494336], [0.6887175887967587, 0.7220737361671682, 0.7695698254922143]], [[2.4872683430012237, 2.877489877007257, 1.8698560421995234], [0.6646294880121361, 0.7581215672076423, 0.754369908072512], [0.6669974384688869, 0.759778047961588, 0.7540350929933985], [0.6671752293172309, 0.75991200914133, 0.7540903319361925], [0.6671840262045518, 0.7599203083622108, 0.7540936113843749], [0.6671844589702726, 0.7599208305470702, 0.7540937896771126], [0.6671844802532846, 0.7599208623299991, 0.754093799318651], [0.667184481301047, 0.7599208642051838, 0.7540937998373488], [0.6671844813526974, 0.7599208643132086, 0.7540937998651247], [0.6671844813552471, 0.7599208643193202, 0.7540937998666061]], [[1.4054146857648937, 1.4651139438650134, 1.9332550133044566], [0.6994596268315628, 0.7289500244390228, 0.7652443878234572], [0.6995632006733364, 0.7239919519223714, 0.7660340787438548], [0.699576080675132, 0.7238160959054023, 0.7661105752917671], [0.6995768061662646, 0.7238073879839202, 0.7661149448075666], [0.6995768479287622, 0.7238069389474117, 0.7661151756885005], [0.6995768503248927, 0.7238069156630237, 0.766115187689095], [0.699576850461066, 0.7238069144526589, 0.7661151883102851], [0.6995768504687285, 0.7238069143896443, 0.7661151883424314], [0.699576850469156, 0.7238069143863595, 0.7661151883440964]], [[2.9164749627347377, 3.0827423209930562, 2.4454550210191717], [0.6945812929048322, 0.7445889708691062, 0.7753149881785535], [0.6959975781477499, 0.738007662714682, 0.7831476371352789], [0.696060137382616, 0.7377383010696728, 0.7835161838339173], [0.6960626841366852, 0.737723629224925, 0.7835335522314352], [0.6960628059205747, 0.737722853441214, 0.7835344173821515], [0.6960628121763827, 0.7377228127840229, 0.7835344617135088], 