{"lr": 0.1, "nruns": 10, "nrounds": 10, "model": "M3.5", "global_betas": [[0.29124172369769663, -0.2267057528277554, 0.17451363768538763, 0.018775418881740148, 0.011250436536622093, 0.2165223154717219, 0.06718077816555822]], "all_global_betas": [[0.3143697858272082, -0.12537965213831137, 0.11548952947694187, -0.10435438046206616, 0.2093871440843723, 0.1788704521844829, 0.10793513373483989], [0.2378959230477868, -0.2550678581076252, 0.1605046651168637, 0.07544730591050156, 0.14602449831048586, 0.1918841429599074, 0.09113230335814175], [0.29431125586155193, -0.2179792429574655, 0.1359195199385001, 0.018958902399984615, 0.10090041485564613, 0.21494113534216433, 0.11300701531837615], [0.0918661771889493, -0.2921788258575515, 0.15815323412075127, -0.034600083811789785, 0.0890137334747203, 0.16647816750011912, 0.10046651377477712], [0.21999647907391756, -0.2735318940525397, 0.07926179908382276, -0.03150745076362001, 0.011557536199367523, 0.1633451285771356, 0.11472680491741868], [0.2733687689125822, -0.24068909804579774, 0.136813790492445, 0.04181693165529737, 0.11937503638660696, 0.223027487488399, 0.09354138183912482], [0.16063181682862837, -0.16721585897980082, 0.1157344621268757, 0.0051657439798302686, 0.2405314028244664, 0.17080471821961973, 0.11602278290376015], [0.2732430571340282, -0.2472230197493721, 0.10053656008652723, 0.006540733535944476, 0.08910137105126044, 0.15602971045369074, 0.15796261130397418], [0.34631840579793294, -0.20786850227102027, 0.0751704472463141, -0.018366488544263933, 0.13946385991859267, 0.22775236204626628, -0.004424315895257741], [0.29124172369769663, -0.2267057528277554, 0.17451363768538763, 0.018775418881740148, 0.011250436536622093, 0.2165223154717219, 0.06718077816555822]], "coef_names": ["brain_age", "sex", "dm", "bmi", "Lag_time", "ec_1", "ec_3"], "local_betas": [[0.014748890831948159, -0.004931613834737922, -0.0035920452270715698, -0.0005228519229394454, 0.019647967755225888, 0.017478865859493733, 0.014031915271282273], [0.16786045821436513, -0.13360402190032236, 0.03915196870913913, 0.07750561946746354, -0.04315848971103593, 0.007749074456722104, -0.02041450880320895], [0.10863237465138333, -0.08817011709269511, 0.13895371420332006, -0.05820734866278394, 0.03476095849243214, 0.19129437515550607, 0.07356337169748489]], "test_mae": [[[0.8112512017089963, 1.0692311577975493, 1.1718433369614718], [0.7149707296278722, 0.7804605438003016, 0.7710821442398988], [0.7142948442327257, 0.782661970112112, 0.7731518811413229], [0.7142665216048467, 0.7828439495957351, 0.7732811966948889], [0.7142652861709303, 0.7828526608784572, 0.7732875955476152], [0.7142652335441602, 0.782853067743832, 0.7732879053301893], [0.7142652313442357, 0.7828530867813374, 0.7732879203724145], [0.7142652312543211, 0.7828530876736828, 0.7732879211048077], [0.7142652312507577, 0.7828530877155858, 0.7732879211405602], [0.7142652312506227, 0.7828530877175573, 0.77328792114231]], [[1.6295252678124879, 1.733049935457212, 1.3299029398571904], [0.7321165942084759, 0.7397709142191702, 0.8060467298510627], [0.7321060985925737, 0.738505691117507, 0.8043636295316643], [0.7321122277775451, 0.7384504924097907, 0.804271988753672], [0.7321125015076086, 0.738447757908072, 0.8042671395756928], [0.7321125117109392, 0.7384476232441347, 0.8042668885700743], [0.7321125120224005, 0.7384476166228425, 0.8042668756221225], [0.7321125120274533, 0.7384476162970608, 0.804266874953511], [0.7321125120271572, 0.7384476162810102, 0.8042668749189117], [0.7321125120271139, 0.7384476162802183, 0.8042668749171169]], [[2.4488894628291056, 2.8391480605655457, 2.039855249095856], [0.7263066629789834, 0.7442240628044229, 0.7947612035839475], [0.727253558055814, 0.7451063601803192, 0.7921611087518164], [0.7272971856600301, 0.7451805624382319, 0.7920637404463557], [0.7272992348518703, 0.7451839423337614, 0.792059230492473], [0.7272993331292781, 0.7451841008733763, 0.792059015460186], [0.7272993378728146, 0.74518410842041, 0.7920590051664623], [0.7272993381022125, 0.7451841087808955, 0.7920590046733876], [0.7272993381133148, 0.745184108798119, 0.7920590046497759], [0.7272993381138524, 0.7451841087989415, 0.7920590046486459]], [[2.838994307117183, 2.2899054901297426, 3.404512562299416], [0.7354959415329744, 0.7488234308219733, 0.7849452839470921], [0.7360206967221381, 0.7432264713409353, 0.7848823915149128], [0.7360405063711588, 0.7430233220545939, 0.7848731363038118], [0.7360413496330457, 0.7430134628333812, 0.7848726152018272], [0.7360413854826676, 0.7430129725233169, 0.7848725860720662], [0.7360413869452509, 0.7430129479422201, 0.7848725844111727], [0.7360413870014174, 0.7430129467060091, 0.7848725843168917], [0.7360413870033609, 0.7430129466437193, 0.7848725843115887], [0.7360413870034139, 0.7430129466405756, 0.784872584311293]], [[2.0132960720013253, 1.9000438639563, 1.657365595794707], [0.7487358735560588, 0.738486682117623, 0.7853198396292759], [0.7461990257256311, 0.736556294940074, 0.7850288685577838], [0.7460916093201955, 0.7364961576535182, 0.7850606390299301], [0.746086551302165, 0.7364936479416184, 0.7850620361566816], [0.7460863106799059, 0.7364935469727356, 0.7850620982550481], [0.7460862992144865, 0.7364935431055221, 0.7850621009928385], [0.7460862986679676, 0.736493542969481, 0.7850621011120031], [0.7460862986419131, 0.7364935429654716, 0.7850621011171022], [0.746086298640671, 0.7364935429654074, 0.7850621011173156]], [[1.0493918488632072, 1.9896875365151485, 1.3698724422951574], [0.7291302377299912, 0.7417771186264945, 0.8010882727565918], [0.7296851681324185, 0.7408906284565207, 0.797696681500266], [0.7297205405688595, 0.740923951698078, 0.7975677071506914], [0.7297222671763152, 0.7409253602902093, 0.7975615417681323], [0.7297223498645327, 0.7409254295770275, 0.7975612379308029], [0.7297223538116205, 0.740925433110981, 0.7975612228539856], [0.7297223539999049, 0.7409254332926988, 0.7975612221037744], [0.7297223540088851, 0.7409254333020585, 0.7975612220663811], [0.7297223540093133, 0.7409254333025408, 0.7975612220645147]], [[2.2746649467192537, 2.622591052983537, 1.5759691918097212], [0.7110467693528857, 0.7779200417779933, 0.7810374476753407], [0.7121079575318467, 0.7774632773444412, 0.7805633765696958], [0.7122071160035961, 0.7774661733672741, 0.7806230067009652], [0.7122119247028088, 0.7774680167313149, 0.7806262746727195], [0.7122121554494716, 0.7774682084182415, 0.7806264525778589], [0.7122121664945635, 0.7774682230608172, 0.780626462194344], [0.712212167023096, 0.7774682240423278, 0.7806264627108674], [0.7122121670483946, 0.7774682241036193, 0.7806264627384607], [0.712212167049606, 0.777468224107282, 0.7806264627399279]], [[1.1847480371261156, 1.3150665122437357, 1.2013739353103519], [0.7300955010767627, 0.739976850308506, 0.7890266861898306], [0.7298192747293389, 0.7397105504594154, 0.788807739658737], [0.7298254269244, 0.7397104813157425, 0.7887858473308356], [0.7298259339594787, 0.7397107096577772, 0.7887846884685484], [0.7298259609670307, 0.7397107245191069, 0.7887846311822901], [0.7298259622960815, 0.739710725318207, 0.7887846283873857], [0.7298259623602034, 0.7397107253594557, 0.7887846282513263], [0.729825962363281, 0.7397107253615663, 0.7887846282446992], [0.7298259623634287, 0.7397107253616744, 0.788784628244376]], [[3.027655620340908, 3.1201503164913746, 2.0250368372764473], [0.7336116398747728, 0.7544780968998331, 0.7977646319684438], [0.7335800826742875, 0.7533667696905912, 0.8017348725824623], [0.7335866461695865, 0.7532782141690882, 0.8019046500641385], [0.7335869262641455, 0.7532733612632344, 0.8019133926533396], [0.7335869391599009, 0.7532731129899263, 0.801913851405917], [0.7335869397740477, 0.7532730999898302, 0.801913875514059], [0.7335869398035793, 0.7532730993100025, 0.8019138767804788], [0.733586939805003, 0.7532730992744631, 0.8019138768469732], [0.7335869398050716, 0.7532730992726054, 0.8019138768504632]], [[0.978227981401289, 2.0249789605034145, 1.4426577970243628], [0.7459847847852814, 0.7380292738713181, 0.7991284222668792], 