{"global_betas": [0.17993450310366393], "coef_names": ["brain_age", "metabo_age"], "mae": [0.7571864997600007, 0.745259339029689, 0.7941647804697703], "standard_error": [0.01379320028435451], "sizes": [295, 2415, 2377]}