{"global_betas": [-0.11393198794344768, 0.37408474610727854], "coef_names": ["brain_age", "metabo_age", "Age"], "mae": [0.6996091749174003, 0.7361767177528152, 0.7605227826801746], "standard_error": [0.021666987808760824, 0.021666987808760817], "sizes": [295, 2415, 2377]}