{"global_betas": [-0.10925770045810433, 0.4004188748568241, 0.10761915773722827, -0.10123371373268317, 0.024046659869462125], "coef_names": ["brain_age", "metabo_age", "Age", "Lag_time", "sex", "dm"], "mae": [0.6832481407804113, 0.7255019045112034, 0.7504929328030655], "standard_error": [0.02147161400593774, 0.02206445488404746, 0.01404985821660693, 0.013400101497631364, 0.013422782186334518], "sizes": [295, 2415, 2377]}