{"global_betas": [0.19139482068977876, 0.04917545432811155, -0.1169584762622826, 0.027100932117067357], "coef_names": ["brain_age", "metabo_age", "Lag_time", "sex", "dm"], "mae": [0.73831626779879, 0.7366907790479464, 0.7854960070505458], "standard_error": [0.014093134321681407, 0.014110575190738203, 0.013797186411432941, 0.01384843519740876], "sizes": [295, 2415, 2377]}