{"global_betas": [-0.10265276873485563, -0.10460825014537228, 0.029029617330334177, -0.021724174134952933, 0.10624378965686211, 0.39280223338524106, 0.033906180220603294, 0.029277187173986766], "coef_names": ["brain_age", "metabo_age", "sex", "dm", "bmi", "Lag_time", "Age", "ec_1", "ec_3"], "mae": [0.6803145717661371, 0.726835368257694, 0.7482803025455143], "standard_error": [0.02172423028018503, 0.013701822025609033, 0.01385010015342991, 0.01390715396659456, 0.014120973511430338, 0.022323613492066005, 0.01652034843100668, 0.016168467867053404], "sizes": [295, 2415, 2377]}