{"global_betas": [0.1871333629619578, -0.12651704681188006, 0.03393222785733442, -0.03716575655226997, 0.04768294215985092, 0.07510007790265047, 0.041993618940282536], "coef_names": ["brain_age", "metabo_age", "sex", "dm", "bmi", "Lag_time", "ec_1", "ec_3"], "mae": [0.7320011248082811, 0.7380315798373475, 0.7796375725276138], "standard_error": [0.014591316202591947, 0.014053495658555399, 0.014261711614031192, 0.014294814220464207, 0.014133875867715537, 0.016843048071396572, 0.016635705686688564], "sizes": [295, 2415, 2377]}